row_id,order_id ,created_at,item_id ,quantity ,cust_id ,delivery ,add_id 
1,ORD_00001,11:44:56,2,8,251,1,251
2,ORD_00001,11:44:56,17,7,251,1,251
3,ORD_00001,11:44:56,6,3,251,1,251
4,ORD_00001,11:44:56,6,1,251,1,251
5,ORD_00001,11:44:56,10,6,251,1,251
6,ORD_00002,12:43:00,23,4,75,1,75
7,ORD_00002,12:43:00,29,4,75,1,75
8,ORD_00002,12:43:00,9,2,75,1,75
9,ORD_00002,12:43:00,30,6,75,1,75
10,ORD_00003,12:03:27,33,6,128,0,128
11,ORD_00003,12:03:27,37,6,128,0,128
12,ORD_00003,12:03:27,4,6,128,0,128
13,ORD_00004,20:33:41,22,6,116,1,116
14,ORD_00004,20:33:41,28,1,116,1,116
15,ORD_00004,20:33:41,29,5,116,1,116
16,ORD_00005,11:36:00,36,8,61,1,61
17,ORD_00005,11:36:00,1,3,61,1,61
18,ORD_00006,22:20:10,19,7,61,0,61
19,ORD_00006,22:20:10,20,10,61,0,61
20,ORD_00007,18:49:00,25,1,292,1,292
21,ORD_00008,10:30:20,12,8,127,1,127
22,ORD_00008,10:30:20,24,9,127,1,127
23,ORD_00009,21:56:27,21,5,40,0,40
24,ORD_00009,21:56:27,10,5,40,0,40
25,ORD_00010,22:32:33,13,7,77,0,77
26,ORD_00010,22:32:33,7,3,77,0,77
27,ORD_00010,22:32:33,32,3,77,0,77
28,ORD_00010,22:32:33,1,9,77,0,77
29,ORD_00010,22:32:33,16,10,77,0,77
30,ORD_00011,11:51:25,36,10,165,1,165
31,ORD_00011,11:51:25,2,5,165,1,165
32,ORD_00011,11:51:25,12,6,165,1,165
33,ORD_00011,11:51:25,6,5,165,1,165
34,ORD_00012,22:54:55,25,1,129,1,129
35,ORD_00012,22:54:55,22,4,129,1,129
36,ORD_00012,22:54:55,28,3,129,1,129
37,ORD_00013,22:35:32,18,8,123,0,123
38,ORD_00013,22:35:32,5,6,123,0,123
39,ORD_00013,22:35:32,16,10,123,0,123
40,ORD_00014,19:57:59,4,1,220,1,220
41,ORD_00014,19:57:59,3,5,220,1,220
42,ORD_00014,19:57:59,3,1,220,1,220
43,ORD_00014,19:57:59,6,1,220,1,220
44,ORD_00015,13:28:00,17,10,147,1,147
45,ORD_00015,13:28:00,14,8,147,1,147
46,ORD_00016,11:29:45,12,3,295,0,295
47,ORD_00016,11:29:45,1,4,295,0,295
48,ORD_00016,11:29:45,16,3,295,0,295
49,ORD_00017,13:11:53,3,7,202,1,202
50,ORD_00018,22:37:05,28,5,193,1,193
51,ORD_00018,22:37:05,36,3,193,1,193
52,ORD_00019,22:41:24,23,3,30,0,30
53,ORD_00019,22:41:24,33,5,30,0,30
54,ORD_00019,22:41:24,10,10,30,0,30
55,ORD_00019,22:41:24,23,8,30,0,30
56,ORD_00019,22:41:24,9,10,30,0,30
57,ORD_00019,22:41:24,16,9,30,0,30
58,ORD_00020,20:54:31,29,1,50,0,50
59,ORD_00023,21:17:49,18,3,23,0,23
60,ORD_00023,21:17:49,30,10,23,0,23
61,ORD_00023,21:17:49,37,7,23,0,23
62,ORD_00023,21:17:49,30,3,23,0,23
63,ORD_00024,22:50:26,2,2,201,1,201
64,ORD_00024,22:50:26,4,5,201,1,201
65,ORD_00025,11:00:04,21,8,30,1,30
66,ORD_00025,11:00:04,37,9,30,1,30
67,ORD_00026,20:25:04,26,3,40,0,40
68,ORD_00026,20:25:04,2,6,40,0,40
69,ORD_00026,20:25:04,37,6,40,0,40
70,ORD_00027,21:08:49,4,8,151,1,151
71,ORD_00027,21:08:49,11,1,151,1,151
72,ORD_00027,21:08:49,10,3,151,1,151
73,ORD_00027,21:08:49,12,8,151,1,151
74,ORD_00027,21:08:49,26,1,151,1,151
75,ORD_00027,21:08:49,36,1,151,1,151
76,ORD_00028,12:50:07,35,7,187,1,187
77,ORD_00028,12:50:07,8,3,187,1,187
78,ORD_00028,12:50:07,3,9,187,1,187
79,ORD_00028,12:50:07,36,6,187,1,187
80,ORD_00029,19:41:45,9,9,146,0,146
81,ORD_00030,12:18:45,19,8,265,0,265
82,ORD_00031,13:30:51,27,9,221,1,221
83,ORD_00031,13:30:51,25,1,221,1,221
84,ORD_00031,13:30:51,30,10,221,1,221
85,ORD_00033,12:26:50,27,8,148,0,148
86,ORD_00033,12:26:50,32,6,148,0,148
87,ORD_00033,12:26:50,14,4,148,0,148
88,ORD_00034,21:36:01,36,10,248,1,248
89,ORD_00034,21:36:01,14,6,248,1,248
90,ORD_00035,20:43:26,13,4,22,1,22
91,ORD_00036,22:17:09,29,6,24,0,24
92,ORD_00036,22:17:09,36,5,24,0,24
93,ORD_00036,22:17:09,29,4,24,0,24
94,ORD_00036,22:17:09,32,3,24,0,24
95,ORD_00037,22:44:07,8,6,114,1,114
96,ORD_00037,22:44:07,2,5,114,1,114
97,ORD_00038,18:40:24,14,7,65,1,65
98,ORD_00038,18:40:24,15,6,65,1,65
99,ORD_00039,13:14:26,22,9,249,0,249
100,ORD_00039,13:14:26,37,7,249,0,249
101,ORD_00039,13:14:26,31,3,249,0,249
102,ORD_00040,22:15:01,10,2,114,0,114
103,ORD_00040,22:15:01,8,9,114,0,114
104,ORD_00040,22:15:01,6,2,114,0,114
105,ORD_00041,13:26:39,28,6,53,1,53
106,ORD_00041,13:26:39,20,10,53,1,53
107,ORD_00042,22:39:53,2,5,259,1,259
108,ORD_00043,21:36:37,20,8,230,0,230
109,ORD_00043,21:36:37,9,2,230,0,230
110,ORD_00043,21:36:37,33,2,230,0,230
111,ORD_00043,21:36:37,3,2,230,0,230
112,ORD_00043,21:36:37,2,4,230,0,230
113,ORD_00043,21:36:37,8,4,230,0,230
114,ORD_00044,21:34:40,12,4,237,1,237
115,ORD_00044,21:34:40,13,4,237,1,237
116,ORD_00044,21:34:40,9,6,237,1,237
117,ORD_00044,21:34:40,9,4,237,1,237
118,ORD_00044,21:34:40,27,4,237,1,237
119,ORD_00046,11:42:47,36,9,83,0,83
120,ORD_00047,19:16:58,13,8,204,1,204
121,ORD_00047,19:16:58,32,8,204,1,204
122,ORD_00048,13:05:50,37,2,14,1,14
123,ORD_00048,13:05:50,28,4,14,1,14
124,ORD_00048,13:05:50,21,4,14,1,14
125,ORD_00048,13:05:50,23,7,14,1,14
126,ORD_00048,13:05:50,24,2,14,1,14
127,ORD_00049,10:39:24,29,9,225,0,225
128,ORD_00049,10:39:24,5,6,225,0,225
129,ORD_00049,10:39:24,2,7,225,0,225
130,ORD_00050,19:29:13,13,3,202,0,202
131,ORD_00051,21:06:32,15,4,80,1,80
132,ORD_00051,21:06:32,8,6,80,1,80
133,ORD_00052,12:21:48,30,6,276,1,276
134,ORD_00052,12:21:48,32,2,276,1,276
135,ORD_00053,11:14:42,15,2,180,0,180
136,ORD_00053,11:14:42,3,1,180,0,180
137,ORD_00053,11:14:42,2,7,180,0,180
138,ORD_00054,21:45:29,36,9,58,1,58
139,ORD_00054,21:45:29,31,1,58,1,58
140,ORD_00054,21:45:29,2,6,58,1,58
141,ORD_00056,13:43:45,31,5,6,0,6
142,ORD_00056,13:43:45,7,9,6,0,6
143,ORD_00056,13:43:45,29,6,6,0,6
144,ORD_00057,19:10:11,12,1,173,1,173
145,ORD_00058,13:32:06,20,4,292,1,292
146,ORD_00059,11:20:33,12,5,226,0,226
147,ORD_00059,11:20:33,34,5,226,0,226
148,ORD_00060,20:50:34,4,2,109,0,109
149,ORD_00060,20:50:34,34,3,109,0,109
150,ORD_00060,20:50:34,18,2,109,0,109
151,ORD_00060,20:50:34,22,8,109,0,109
152,ORD_00060,20:50:34,26,1,109,0,109
153,ORD_00062,12:10:34,32,1,102,1,102
154,ORD_00062,12:10:34,29,10,102,1,102
155,ORD_00063,19:26:36,17,3,223,0,223
156,ORD_00063,19:26:36,21,8,223,0,223
157,ORD_00063,19:26:36,30,1,223,0,223
158,ORD_00063,19:26:36,5,2,223,0,223
159,ORD_00064,18:44:30,25,9,121,1,121
160,ORD_00064,18:44:30,15,9,121,1,121
161,ORD_00064,18:44:30,7,7,121,1,121
162,ORD_00064,18:44:30,34,1,121,1,121
163,ORD_00064,18:44:30,20,4,121,1,121
164,ORD_00065,20:54:42,23,3,52,1,52
165,ORD_00065,20:54:42,33,6,52,1,52
166,ORD_00065,20:54:42,14,2,52,1,52
167,ORD_00065,20:54:42,24,7,52,1,52
168,ORD_00066,11:16:16,3,4,269,0,269
169,ORD_00066,11:16:16,1,5,269,0,269
170,ORD_00066,11:16:16,2,9,269,0,269
171,ORD_00066,11:16:16,36,10,269,0,269
172,ORD_00066,11:16:16,19,10,269,0,269
173,ORD_00066,11:16:16,4,7,269,0,269
174,ORD_00066,11:16:16,30,2,269,0,269
175,ORD_00067,12:40:49,6,6,269,1,269
176,ORD_00067,12:40:49,36,4,269,1,269
177,ORD_00068,18:32:49,33,4,269,1,269
178,ORD_00068,18:32:49,7,2,269,1,269
179,ORD_00068,18:32:49,18,7,269,1,269
180,ORD_00068,18:32:49,21,1,269,1,269
181,ORD_00068,18:32:49,16,8,269,1,269
182,ORD_00069,12:28:39,4,2,19,0,19
183,ORD_00069,12:28:39,8,2,19,0,19
184,ORD_00069,12:28:39,28,1,19,0,19
185,ORD_00070,22:18:19,27,6,42,0,42
186,ORD_00070,22:18:19,33,9,42,0,42
187,ORD_00070,22:18:19,7,7,42,0,42
188,ORD_00071,20:45:45,37,6,42,1,42
189,ORD_00071,20:45:45,9,7,42,1,42
190,ORD_00071,20:45:45,27,6,42,1,42
191,ORD_00072,20:41:16,1,4,269,1,269
192,ORD_00072,20:41:16,28,1,269,1,269
193,ORD_00073,19:47:51,30,4,269,0,269
194,ORD_00074,10:58:20,11,1,69,1,69
195,ORD_00074,10:58:20,24,1,69,1,69
196,ORD_00074,10:58:20,31,5,69,1,69
197,ORD_00075,22:01:09,34,7,69,1,69
198,ORD_00075,22:01:09,3,8,69,1,69
199,ORD_00075,22:01:09,8,10,69,1,69
200,ORD_00075,22:01:09,37,3,69,1,69
201,ORD_00076,12:01:12,12,4,69,0,69
202,ORD_00076,12:01:12,4,9,69,0,69
203,ORD_00076,12:01:12,7,10,69,0,69
204,ORD_00077,19:09:51,8,5,69,1,69
205,ORD_00077,19:09:51,36,3,69,1,69
206,ORD_00077,19:09:51,31,7,69,1,69
207,ORD_00078,18:53:37,17,8,69,1,69
208,ORD_00078,18:53:37,1,4,69,1,69
209,ORD_00078,18:53:37,11,9,69,1,69
210,ORD_00078,18:53:37,27,2,69,1,69
211,ORD_00080,12:45:40,17,9,69,0,69
212,ORD_00080,12:45:40,17,9,69,0,69
213,ORD_00080,12:45:40,34,2,69,0,69
214,ORD_00081,12:49:23,19,10,69,1,69
215,ORD_00081,12:49:23,32,3,69,1,69
216,ORD_00081,12:49:23,34,1,69,1,69
217,ORD_00081,12:49:23,31,2,69,1,69
218,ORD_00082,22:33:58,36,10,69,1,69
219,ORD_00082,22:33:58,23,7,69,1,69
220,ORD_00082,22:33:58,25,3,69,1,69
221,ORD_00085,12:46:05,36,5,69,1,69
222,ORD_00085,12:46:05,23,5,69,1,69
223,ORD_00085,12:46:05,21,1,69,1,69
224,ORD_00085,12:46:05,21,5,69,1,69
225,ORD_00085,12:46:05,3,3,69,1,69
226,ORD_00086,13:27:14,30,5,69,0,69
227,ORD_00086,13:27:14,16,4,69,0,69
228,ORD_00086,13:27:14,9,2,69,0,69
229,ORD_00087,21:16:30,30,3,69,1,69
230,ORD_00088,18:38:28,6,1,4,1,4
231,ORD_00088,18:38:28,16,8,4,1,4
232,ORD_00089,21:41:42,15,9,4,0,4
233,ORD_00089,21:41:42,19,7,4,0,4
234,ORD_00089,21:41:42,34,6,4,0,4
235,ORD_00091,22:01:19,33,7,4,1,4
236,ORD_00091,22:01:19,13,3,4,1,4
237,ORD_00091,22:01:19,29,6,4,1,4
238,ORD_00092,19:44:05,22,4,4,1,4
239,ORD_00092,19:44:05,22,10,4,1,4
240,ORD_00093,18:36:26,28,3,4,0,4
241,ORD_00093,18:36:26,26,4,4,0,4
242,ORD_00094,13:50:24,17,5,4,1,4
243,ORD_00094,13:50:24,22,9,4,1,4
244,ORD_00094,13:50:24,17,7,4,1,4
245,ORD_00094,13:50:24,3,8,4,1,4
246,ORD_00094,13:50:24,27,5,4,1,4
247,ORD_00094,13:50:24,7,1,4,1,4
248,ORD_00094,13:50:24,13,5,4,1,4
249,ORD_00095,19:04:31,16,3,4,1,4
250,ORD_00095,19:04:31,19,1,4,1,4
251,ORD_00096,22:26:14,6,3,4,0,4
252,ORD_00096,22:26:14,35,10,4,0,4
253,ORD_00097,18:55:48,26,4,4,1,4
254,ORD_00097,18:55:48,10,1,4,1,4
255,ORD_00097,18:55:48,17,2,4,1,4
256,ORD_00098,20:44:07,16,7,4,1,4
257,ORD_00098,20:44:07,1,2,4,1,4
258,ORD_00098,20:44:07,17,1,4,1,4
259,ORD_00099,19:06:57,29,3,4,0,4
260,ORD_00099,19:06:57,21,4,4,0,4
261,ORD_00099,19:06:57,10,7,4,0,4
262,ORD_00100,19:18:43,1,4,4,0,4
263,ORD_00100,19:18:43,1,7,4,0,4
264,ORD_00101,20:47:59,12,4,4,1,4
265,ORD_00101,20:47:59,2,10,4,1,4
266,ORD_00102,22:01:09,9,4,4,1,4
267,ORD_00103,13:11:03,23,4,7,0,7
268,ORD_00103,13:11:03,31,10,7,0,7
269,ORD_00103,13:11:03,10,3,7,0,7
270,ORD_00103,13:11:03,34,6,7,0,7
271,ORD_00104,19:33:58,21,6,7,1,7
272,ORD_00105,13:59:22,19,8,154,1,154
273,ORD_00106,20:27:22,34,4,149,0,149
274,ORD_00106,20:27:22,37,5,149,0,149
275,ORD_00107,22:12:52,17,2,149,1,149
276,ORD_00107,22:12:52,3,7,149,1,149
277,ORD_00107,22:12:52,5,3,149,1,149
278,ORD_00107,22:12:52,16,2,149,1,149
279,ORD_00107,22:12:52,14,2,149,1,149
280,ORD_00108,13:31:58,18,9,149,1,149
281,ORD_00108,13:31:58,22,4,149,1,149
282,ORD_00109,11:47:47,10,7,149,0,149
283,ORD_00109,11:47:47,28,6,149,0,149
284,ORD_00109,11:47:47,32,3,149,0,149
285,ORD_00111,18:49:59,19,1,149,1,149
286,ORD_00111,18:49:59,8,2,149,1,149
287,ORD_00112,21:31:14,4,9,149,1,149
288,ORD_00112,21:31:14,6,9,149,1,149
289,ORD_00113,11:44:24,13,3,149,0,149
290,ORD_00114,19:17:02,12,3,50,1,50
291,ORD_00115,18:38:36,35,2,50,1,50
292,ORD_00115,18:38:36,9,4,50,1,50
293,ORD_00115,18:38:36,19,4,50,1,50
294,ORD_00115,18:38:36,20,2,50,1,50
295,ORD_00115,18:38:36,35,4,50,1,50
296,ORD_00117,12:08:13,3,9,50,1,50
297,ORD_00117,12:08:13,9,3,50,1,50
298,ORD_00118,21:57:08,8,1,50,1,50
299,ORD_00119,11:21:02,28,6,241,0,241
300,ORD_00119,11:21:02,33,3,241,0,241
301,ORD_00119,11:21:02,9,6,241,0,241
302,ORD_00120,11:03:50,28,5,241,0,241
303,ORD_00120,11:03:50,34,10,241,0,241
304,ORD_00121,11:37:36,36,3,241,1,241
305,ORD_00121,11:37:36,9,2,241,1,241
306,ORD_00121,11:37:36,25,7,241,1,241
307,ORD_00122,21:09:22,12,10,241,1,241
308,ORD_00124,20:02:02,14,9,59,1,59
309,ORD_00125,13:49:34,6,5,47,1,47
310,ORD_00125,13:49:34,2,4,47,1,47
311,ORD_00125,13:49:34,21,3,47,1,47
312,ORD_00126,20:30:51,31,8,47,0,47
313,ORD_00126,20:30:51,25,7,47,0,47
314,ORD_00126,20:30:51,3,10,47,0,47
315,ORD_00126,20:30:51,34,3,47,0,47
316,ORD_00127,11:36:49,33,10,47,1,47
317,ORD_00127,11:36:49,20,8,47,1,47
318,ORD_00127,11:36:49,18,7,47,1,47
319,ORD_00127,11:36:49,1,10,47,1,47
320,ORD_00127,11:36:49,6,3,47,1,47
321,ORD_00128,13:37:32,26,5,47,1,47
322,ORD_00129,12:56:25,36,2,279,0,279
323,ORD_00129,12:56:25,2,3,279,0,279
324,ORD_00129,12:56:25,34,1,279,0,279
325,ORD_00130,10:52:29,5,6,279,0,279
326,ORD_00130,10:52:29,20,7,279,0,279
327,ORD_00131,13:05:40,14,10,279,1,279
328,ORD_00131,13:05:40,26,9,279,1,279
329,ORD_00131,13:05:40,28,7,279,1,279
330,ORD_00131,13:05:40,9,1,279,1,279
331,ORD_00131,13:05:40,30,4,279,1,279
332,ORD_00132,18:38:35,20,9,279,1,279
333,ORD_00133,20:30:11,25,1,190,0,190
334,ORD_00133,20:30:11,12,1,190,0,190
335,ORD_00133,20:30:11,22,2,190,0,190
336,ORD_00134,20:47:35,7,10,190,1,190
337,ORD_00134,20:47:35,15,6,190,1,190
338,ORD_00134,20:47:35,32,1,190,1,190
339,ORD_00135,20:40:40,15,5,190,1,190
340,ORD_00135,20:40:40,19,2,190,1,190
341,ORD_00135,20:40:40,5,5,190,1,190
342,ORD_00136,12:27:33,6,9,190,0,190
343,ORD_00136,12:27:33,19,2,190,0,190
344,ORD_00137,19:27:44,14,3,190,1,190
345,ORD_00137,19:27:44,10,2,190,1,190
346,ORD_00137,19:27:44,27,7,190,1,190
347,ORD_00138,12:03:33,16,4,190,1,190
348,ORD_00138,12:03:33,36,10,190,1,190
349,ORD_00138,12:03:33,23,4,190,1,190
350,ORD_00139,20:03:14,35,5,190,0,190
351,ORD_00139,20:03:14,33,1,190,0,190
352,ORD_00139,20:03:14,33,7,190,0,190
353,ORD_00140,21:28:07,24,4,190,0,190
354,ORD_00140,21:28:07,31,7,190,0,190
355,ORD_00140,21:28:07,33,7,190,0,190
356,ORD_00141,20:47:04,2,5,190,1,190
357,ORD_00142,22:29:13,35,6,90,1,90
358,ORD_00142,22:29:13,2,1,90,1,90
359,ORD_00143,18:43:51,35,2,90,0,90
360,ORD_00144,11:09:17,7,4,199,1,199
361,ORD_00144,11:09:17,18,7,199,1,199
362,ORD_00145,13:54:59,35,4,199,1,199
363,ORD_00146,18:57:22,32,2,154,0,154
364,ORD_00146,18:57:22,35,5,154,0,154
365,ORD_00146,18:57:22,25,2,154,0,154
366,ORD_00147,12:23:36,27,8,154,1,154
367,ORD_00148,19:25:50,20,4,221,1,221
368,ORD_00148,19:25:50,36,9,221,1,221
369,ORD_00148,19:25:50,28,2,221,1,221
370,ORD_00148,19:25:50,27,2,221,1,221
371,ORD_00148,19:25:50,34,7,221,1,221
372,ORD_00149,11:21:08,33,2,221,0,221
373,ORD_00150,11:33:14,26,7,86,0,86
374,ORD_00150,11:33:14,37,7,86,0,86
375,ORD_00151,20:41:29,7,5,86,1,86
376,ORD_00151,20:41:29,34,2,86,1,86
377,ORD_00151,20:41:29,15,8,86,1,86
378,ORD_00151,20:41:29,13,2,86,1,86
379,ORD_00153,21:23:45,10,9,86,0,86
380,ORD_00153,21:23:45,2,1,86,0,86
381,ORD_00153,21:23:45,8,3,86,0,86
382,ORD_00154,13:30:52,29,9,86,1,86
383,ORD_00154,13:30:52,10,6,86,1,86
384,ORD_00154,13:30:52,23,2,86,1,86
385,ORD_00154,13:30:52,16,4,86,1,86
386,ORD_00155,10:54:16,26,9,86,1,86
387,ORD_00155,10:54:16,29,6,86,1,86
388,ORD_00155,10:54:16,8,1,86,1,86
389,ORD_00156,11:24:49,3,4,86,0,86
390,ORD_00156,11:24:49,13,4,86,0,86
391,ORD_00156,11:24:49,1,6,86,0,86
392,ORD_00156,11:24:49,2,6,86,0,86
393,ORD_00157,11:09:49,8,9,86,1,86
394,ORD_00158,21:57:32,14,5,273,1,273
395,ORD_00158,21:57:32,18,7,273,1,273
396,ORD_00158,21:57:32,17,6,273,1,273
397,ORD_00159,21:25:42,34,7,273,0,273
398,ORD_00159,21:25:42,33,10,273,0,273
399,ORD_00159,21:25:42,4,4,273,0,273
400,ORD_00159,21:25:42,16,10,273,0,273
401,ORD_00161,21:42:22,29,10,273,1,273
402,ORD_00162,11:40:21,11,1,29,1,29
403,ORD_00162,11:40:21,13,5,29,1,29
404,ORD_00162,11:40:21,9,10,29,1,29
405,ORD_00162,11:40:21,4,5,29,1,29
406,ORD_00163,12:32:30,35,6,29,0,29
407,ORD_00163,12:32:30,19,3,29,0,29
408,ORD_00164,11:20:08,16,2,29,1,29
409,ORD_00165,22:24:54,9,8,5,1,5
410,ORD_00165,22:24:54,19,6,5,1,5
411,ORD_00166,11:30:58,36,1,5,0,5
412,ORD_00166,11:30:58,34,5,5,0,5
413,ORD_00169,10:45:57,1,10,5,0,5
414,ORD_00169,10:45:57,2,3,5,0,5
415,ORD_00169,10:45:57,32,5,5,0,5
416,ORD_00170,13:25:51,30,6,5,0,5
417,ORD_00170,13:25:51,37,4,5,0,5
418,ORD_00170,13:25:51,21,3,5,0,5
419,ORD_00170,13:25:51,10,8,5,0,5
420,ORD_00170,13:25:51,9,3,5,0,5
421,ORD_00170,13:25:51,17,4,5,0,5
422,ORD_00171,11:47:12,23,2,5,1,5
423,ORD_00171,11:47:12,9,1,5,1,5
424,ORD_00171,11:47:12,18,8,5,1,5
425,ORD_00171,11:47:12,26,2,5,1,5
426,ORD_00172,13:34:03,7,3,5,1,5
427,ORD_00172,13:34:03,10,2,5,1,5
428,ORD_00173,22:15:12,2,10,5,0,5
429,ORD_00174,20:20:02,17,1,236,1,236
430,ORD_00175,11:40:30,3,5,257,1,257
431,ORD_00175,11:40:30,16,1,257,1,257
432,ORD_00176,11:33:14,3,6,257,0,257
433,ORD_00176,11:33:14,21,4,257,0,257
434,ORD_00176,11:33:14,25,3,257,0,257
435,ORD_00176,11:33:14,7,10,257,0,257
436,ORD_00177,20:04:40,19,9,257,1,257
437,ORD_00177,20:04:40,5,9,257,1,257
438,ORD_00177,20:04:40,2,4,257,1,257
439,ORD_00177,20:04:40,20,5,257,1,257
440,ORD_00177,20:04:40,14,5,257,1,257
441,ORD_00178,10:34:28,33,8,257,1,257
442,ORD_00178,10:34:28,6,7,257,1,257
443,ORD_00179,22:39:20,4,9,257,0,257
444,ORD_00179,22:39:20,13,4,257,0,257
445,ORD_00180,11:27:25,31,9,257,0,257
446,ORD_00180,11:27:25,32,1,257,0,257
447,ORD_00180,11:27:25,29,1,257,0,257
448,ORD_00181,12:51:23,10,4,257,1,257
449,ORD_00181,12:51:23,15,8,257,1,257
450,ORD_00181,12:51:23,30,7,257,1,257
451,ORD_00181,12:51:23,28,2,257,1,257
452,ORD_00182,19:43:53,32,9,257,1,257
453,ORD_00182,19:43:53,31,7,257,1,257
454,ORD_00182,19:43:53,22,2,257,1,257
455,ORD_00183,13:33:42,37,10,257,0,257
456,ORD_00183,13:33:42,29,7,257,0,257
457,ORD_00183,13:33:42,30,8,257,0,257
458,ORD_00183,13:33:42,19,3,257,0,257
459,ORD_00184,11:30:13,14,6,257,1,257
460,ORD_00184,11:30:13,4,5,257,1,257
461,ORD_00185,12:09:09,15,6,257,1,257
462,ORD_00185,12:09:09,27,3,257,1,257
463,ORD_00185,12:09:09,2,9,257,1,257
464,ORD_00185,12:09:09,24,1,257,1,257
465,ORD_00186,21:19:05,18,5,257,0,257
466,ORD_00186,21:19:05,33,5,257,0,257
467,ORD_00187,21:57:39,26,1,257,1,257
468,ORD_00187,21:57:39,17,4,257,1,257
469,ORD_00187,21:57:39,37,6,257,1,257
470,ORD_00187,21:57:39,10,1,257,1,257
471,ORD_00188,20:46:07,28,4,257,1,257
472,ORD_00188,20:46:07,19,2,257,1,257
473,ORD_00189,19:11:34,36,7,257,0,257
474,ORD_00189,19:11:34,11,9,257,0,257
475,ORD_00189,19:11:34,20,3,257,0,257
476,ORD_00190,20:18:12,2,7,257,0,257
477,ORD_00190,20:18:12,23,7,257,0,257
478,ORD_00191,20:39:27,17,8,257,1,257
479,ORD_00193,19:18:32,34,8,123,0,123
480,ORD_00193,19:18:32,28,6,123,0,123
481,ORD_00193,19:18:32,32,4,123,0,123
482,ORD_00193,19:18:32,12,7,123,0,123
483,ORD_00196,11:31:13,3,8,123,0,123
484,ORD_00197,22:37:13,36,9,238,1,238
485,ORD_00197,22:37:13,29,3,238,1,238
486,ORD_00198,11:17:01,6,10,238,1,238
487,ORD_00198,11:17:01,19,10,238,1,238
488,ORD_00199,11:11:25,26,4,238,0,238
489,ORD_00199,11:11:25,23,6,238,0,238
490,ORD_00199,11:11:25,29,7,238,0,238
491,ORD_00199,11:11:25,34,5,238,0,238
492,ORD_00200,13:21:02,13,5,238,0,238
493,ORD_00201,10:51:30,18,9,59,1,59
494,ORD_00201,10:51:30,4,3,59,1,59
495,ORD_00202,20:11:09,34,2,59,1,59
496,ORD_00203,20:49:41,31,2,133,0,133
497,ORD_00204,13:28:19,29,5,16,1,16
498,ORD_00204,13:28:19,36,6,16,1,16
499,ORD_00205,19:59:55,31,4,16,1,16
500,ORD_00207,18:50:06,28,6,94,1,94
501,ORD_00208,13:41:34,16,7,192,1,192
502,ORD_00208,13:41:34,1,7,192,1,192
503,ORD_00209,21:04:22,25,4,192,0,192
504,ORD_00209,21:04:22,31,7,192,0,192
505,ORD_00210,22:52:00,15,9,192,0,192
506,ORD_00210,22:52:00,22,3,192,0,192
507,ORD_00210,22:52:00,8,3,192,0,192
508,ORD_00211,19:21:23,13,8,192,1,192
509,ORD_00212,11:31:04,13,3,279,1,279
510,ORD_00212,11:31:04,4,7,279,1,279
511,ORD_00212,11:31:04,37,4,279,1,279
512,ORD_00214,13:13:54,27,6,279,1,279
513,ORD_00214,13:13:54,11,9,279,1,279
514,ORD_00214,13:13:54,1,3,279,1,279
515,ORD_00215,11:10:43,33,3,279,1,279
516,ORD_00215,11:10:43,13,1,279,1,279
517,ORD_00216,21:07:02,17,3,279,0,279
518,ORD_00217,21:58:58,30,4,231,1,231
519,ORD_00217,21:58:58,22,10,231,1,231
520,ORD_00217,21:58:58,27,3,231,1,231
521,ORD_00217,21:58:58,25,10,231,1,231
522,ORD_00217,21:58:58,24,7,231,1,231
523,ORD_00218,11:30:34,24,9,231,1,231
524,ORD_00218,11:30:34,30,9,231,1,231
525,ORD_00219,11:36:34,27,4,231,0,231
526,ORD_00219,11:36:34,23,7,231,0,231
527,ORD_00220,20:51:47,13,2,231,0,231
528,ORD_00220,20:51:47,30,8,231,0,231
529,ORD_00220,20:51:47,3,2,231,0,231
530,ORD_00220,20:51:47,21,5,231,0,231
531,ORD_00221,21:17:45,4,3,231,1,231
532,ORD_00221,21:17:45,13,7,231,1,231
533,ORD_00221,21:17:45,3,4,231,1,231
534,ORD_00221,21:17:45,9,1,231,1,231
535,ORD_00221,21:17:45,37,4,231,1,231
536,ORD_00221,21:17:45,9,5,231,1,231
537,ORD_00221,21:17:45,10,6,231,1,231
538,ORD_00222,11:30:25,21,1,231,1,231
539,ORD_00223,19:11:59,22,2,183,0,183
540,ORD_00223,19:11:59,8,1,183,0,183
541,ORD_00224,20:25:38,28,10,183,1,183
542,ORD_00224,20:25:38,31,3,183,1,183
543,ORD_00224,20:25:38,21,7,183,1,183
544,ORD_00225,20:43:59,5,8,183,1,183
545,ORD_00225,20:43:59,32,1,183,1,183
546,ORD_00227,13:53:30,25,8,183,1,183
547,ORD_00227,13:53:30,33,7,183,1,183
548,ORD_00228,20:30:14,2,9,183,1,183
549,ORD_00228,20:30:14,15,3,183,1,183
550,ORD_00229,21:23:03,26,4,183,0,183
551,ORD_00229,21:23:03,26,7,183,0,183
552,ORD_00230,20:14:45,23,5,183,0,183
553,ORD_00230,20:14:45,24,7,183,0,183
554,ORD_00232,18:42:47,18,1,183,1,183
555,ORD_00232,18:42:47,13,5,183,1,183
556,ORD_00232,18:42:47,35,3,183,1,183
557,ORD_00233,21:48:45,25,4,183,0,183
558,ORD_00235,22:17:32,1,7,214,1,214
559,ORD_00235,22:17:32,11,7,214,1,214
560,ORD_00235,22:17:32,12,4,214,1,214
561,ORD_00236,18:47:02,35,5,214,0,214
562,ORD_00237,19:44:23,22,8,83,1,83
563,ORD_00237,19:44:23,34,7,83,1,83
564,ORD_00238,19:10:40,31,2,83,1,83
565,ORD_00238,19:10:40,20,5,83,1,83
566,ORD_00238,19:10:40,7,3,83,1,83
567,ORD_00239,21:04:06,36,1,83,0,83
568,ORD_00239,21:04:06,22,4,83,0,83
569,ORD_00239,21:04:06,23,4,83,0,83
570,ORD_00240,12:43:12,3,4,83,0,83
571,ORD_00240,12:43:12,15,2,83,0,83
572,ORD_00241,12:16:21,10,9,83,1,83
573,ORD_00241,12:16:21,3,8,83,1,83
574,ORD_00241,12:16:21,16,8,83,1,83
575,ORD_00241,12:16:21,11,3,83,1,83
576,ORD_00242,13:41:12,26,2,83,1,83
577,ORD_00242,13:41:12,1,5,83,1,83
578,ORD_00242,13:41:12,30,9,83,1,83
579,ORD_00243,18:33:40,34,1,83,0,83
580,ORD_00243,18:33:40,32,1,83,0,83
581,ORD_00243,18:33:40,25,4,83,0,83
582,ORD_00244,18:53:34,14,2,83,1,83
583,ORD_00244,18:53:34,28,7,83,1,83
584,ORD_00244,18:53:34,33,1,83,1,83
585,ORD_00245,21:41:13,30,3,83,1,83
586,ORD_00245,21:41:13,26,4,83,1,83
587,ORD_00246,12:07:18,21,2,83,0,83
588,ORD_00246,12:07:18,30,4,83,0,83
589,ORD_00247,12:58:27,15,10,83,1,83
590,ORD_00247,12:58:27,3,9,83,1,83
591,ORD_00247,12:58:27,34,5,83,1,83
592,ORD_00247,12:58:27,32,1,83,1,83
593,ORD_00248,22:11:06,22,8,83,1,83
594,ORD_00248,22:11:06,2,4,83,1,83
595,ORD_00248,22:11:06,22,5,83,1,83
596,ORD_00248,22:11:06,8,3,83,1,83
597,ORD_00249,20:15:22,4,2,83,0,83
598,ORD_00249,20:15:22,29,2,83,0,83
599,ORD_00249,20:15:22,21,4,83,0,83
600,ORD_00250,12:44:05,33,7,83,0,83
601,ORD_00250,12:44:05,21,2,83,0,83
602,ORD_00250,12:44:05,19,4,83,0,83
603,ORD_00250,12:44:05,22,3,83,0,83
604,ORD_00251,21:20:32,19,7,83,1,83
605,ORD_00251,21:20:32,24,4,83,1,83
606,ORD_00251,21:20:32,20,7,83,1,83
607,ORD_00251,21:20:32,30,5,83,1,83
608,ORD_00252,13:00:10,23,5,83,1,83
609,ORD_00252,13:00:10,15,1,83,1,83
610,ORD_00252,13:00:10,27,1,83,1,83
611,ORD_00252,13:00:10,7,3,83,1,83
612,ORD_00253,21:39:07,27,6,83,0,83
613,ORD_00253,21:39:07,25,2,83,0,83
614,ORD_00253,21:39:07,23,2,83,0,83
615,ORD_00254,18:57:49,28,8,83,1,83
616,ORD_00254,18:57:49,36,3,83,1,83
617,ORD_00255,11:34:30,24,6,83,1,83
618,ORD_00255,11:34:30,33,5,83,1,83
619,ORD_00255,11:34:30,35,6,83,1,83
620,ORD_00255,11:34:30,32,2,83,1,83
621,ORD_00255,11:34:30,36,7,83,1,83
622,ORD_00256,20:00:49,9,2,83,0,83
623,ORD_00256,20:00:49,7,6,83,0,83
624,ORD_00257,20:18:40,37,1,83,1,83
625,ORD_00257,20:18:40,35,10,83,1,83
626,ORD_00258,19:59:20,22,3,83,1,83
627,ORD_00259,13:14:22,20,2,258,0,258
628,ORD_00260,12:25:31,20,1,18,0,18
629,ORD_00260,12:25:31,32,6,18,0,18
630,ORD_00260,12:25:31,32,3,18,0,18
631,ORD_00261,18:37:09,35,8,18,1,18
632,ORD_00261,18:37:09,33,2,18,1,18
633,ORD_00261,18:37:09,5,2,18,1,18
634,ORD_00262,18:36:03,28,6,18,1,18
635,ORD_00262,18:36:03,27,5,18,1,18
636,ORD_00264,22:03:26,33,6,18,1,18
637,ORD_00266,12:02:56,36,9,297,0,297
638,ORD_00266,12:02:56,37,9,297,0,297
639,ORD_00266,12:02:56,1,6,297,0,297
640,ORD_00267,22:24:14,17,10,297,1,297
641,ORD_00267,22:24:14,4,1,297,1,297
642,ORD_00268,19:46:37,15,4,297,1,297
643,ORD_00268,19:46:37,19,6,297,1,297
644,ORD_00269,11:36:04,21,2,297,0,297
645,ORD_00269,11:36:04,34,3,297,0,297
646,ORD_00269,11:36:04,29,7,297,0,297
647,ORD_00269,11:36:04,11,1,297,0,297
648,ORD_00269,11:36:04,30,5,297,0,297
649,ORD_00271,11:08:55,26,9,297,1,297
650,ORD_00271,11:08:55,19,7,297,1,297
651,ORD_00271,11:08:55,1,10,297,1,297
652,ORD_00272,13:09:17,20,10,297,1,297
653,ORD_00272,13:09:17,34,10,297,1,297
654,ORD_00272,13:09:17,35,10,297,1,297
655,ORD_00273,19:42:18,37,5,297,0,297
656,ORD_00273,19:42:18,14,10,297,0,297
657,ORD_00273,19:42:18,3,5,297,0,297
658,ORD_00273,19:42:18,11,4,297,0,297
659,ORD_00274,21:34:42,37,9,297,1,297
660,ORD_00274,21:34:42,2,10,297,1,297
661,ORD_00274,21:34:42,8,7,297,1,297
662,ORD_00274,21:34:42,8,7,297,1,297
663,ORD_00274,21:34:42,27,7,297,1,297
664,ORD_00275,11:16:01,24,1,297,1,297
665,ORD_00275,11:16:01,20,3,297,1,297
666,ORD_00276,19:11:52,21,6,297,0,297
667,ORD_00277,13:50:50,3,2,38,1,38
668,ORD_00277,13:50:50,3,9,38,1,38
669,ORD_00277,13:50:50,17,1,38,1,38
670,ORD_00278,19:58:02,21,10,38,1,38
671,ORD_00278,19:58:02,8,6,38,1,38
672,ORD_00278,19:58:02,14,1,38,1,38
673,ORD_00279,10:54:33,26,6,38,0,38
674,ORD_00279,10:54:33,5,5,38,0,38
675,ORD_00280,22:55:20,37,5,38,0,38
676,ORD_00280,22:55:20,28,4,38,0,38
677,ORD_00280,22:55:20,31,8,38,0,38
678,ORD_00280,22:55:20,4,5,38,0,38
679,ORD_00280,22:55:20,20,3,38,0,38
680,ORD_00281,13:30:41,8,2,38,1,38
681,ORD_00282,22:52:17,22,4,253,1,253
682,ORD_00282,22:52:17,16,9,253,1,253
683,ORD_00282,22:52:17,10,2,253,1,253
684,ORD_00283,19:26:10,13,7,253,0,253
685,ORD_00284,19:50:01,29,7,29,1,29
686,ORD_00284,19:50:01,10,1,29,1,29
687,ORD_00284,19:50:01,3,6,29,1,29
688,ORD_00285,21:31:09,33,4,29,1,29
689,ORD_00286,22:42:32,30,1,211,0,211
690,ORD_00287,19:27:10,3,8,168,1,168
691,ORD_00287,19:27:10,19,2,168,1,168
692,ORD_00287,19:27:10,16,4,168,1,168
693,ORD_00287,19:27:10,6,7,168,1,168
694,ORD_00289,18:38:14,18,2,168,0,168
695,ORD_00290,22:57:47,24,8,20,0,20
696,ORD_00290,22:57:47,36,9,20,0,20
697,ORD_00290,22:57:47,26,2,20,0,20
698,ORD_00291,19:07:39,6,4,20,1,20
699,ORD_00291,19:07:39,23,6,20,1,20
700,ORD_00291,19:07:39,27,6,20,1,20
701,ORD_00291,19:07:39,10,5,20,1,20
702,ORD_00291,19:07:39,30,6,20,1,20
703,ORD_00293,22:52:23,7,7,20,0,20
704,ORD_00293,22:52:23,7,10,20,0,20
705,ORD_00293,22:52:23,12,9,20,0,20
706,ORD_00293,22:52:23,27,2,20,0,20
707,ORD_00293,22:52:23,35,6,20,0,20
708,ORD_00294,11:19:31,31,1,20,1,20
709,ORD_00294,11:19:31,26,7,20,1,20
710,ORD_00294,11:19:31,25,1,20,1,20
711,ORD_00294,11:19:31,36,6,20,1,20
712,ORD_00295,20:12:45,17,1,20,1,20
713,ORD_00295,20:12:45,3,5,20,1,20
714,ORD_00295,20:12:45,27,7,20,1,20
715,ORD_00295,20:12:45,5,1,20,1,20
716,ORD_00296,22:10:31,14,5,20,0,20
717,ORD_00296,22:10:31,6,4,20,0,20
718,ORD_00296,22:10:31,12,8,20,0,20
719,ORD_00296,22:10:31,2,6,20,0,20
720,ORD_00297,22:02:04,25,2,20,1,20
721,ORD_00297,22:02:04,27,8,20,1,20
722,ORD_00297,22:02:04,2,5,20,1,20
723,ORD_00299,18:41:08,3,9,20,0,20
724,ORD_00299,18:41:08,29,1,20,0,20
725,ORD_00299,18:41:08,19,2,20,0,20
726,ORD_00299,18:41:08,1,4,20,0,20
727,ORD_00300,20:25:26,37,9,20,0,20
728,ORD_00300,20:25:26,27,10,20,0,20
729,ORD_00300,20:25:26,15,3,20,0,20
730,ORD_00300,20:25:26,28,7,20,0,20
731,ORD_00301,10:47:35,36,9,20,1,20
732,ORD_00301,10:47:35,9,4,20,1,20
733,ORD_00302,21:09:01,24,8,20,1,20
734,ORD_00302,21:09:01,12,5,20,1,20
735,ORD_00302,21:09:01,3,2,20,1,20
736,ORD_00302,21:09:01,21,5,20,1,20
737,ORD_00302,21:09:01,30,1,20,1,20
738,ORD_00302,21:09:01,3,1,20,1,20
739,ORD_00303,12:08:27,20,9,20,0,20
740,ORD_00303,12:08:27,34,7,20,0,20
741,ORD_00303,12:08:27,17,5,20,0,20
742,ORD_00306,21:20:26,21,6,20,0,20
743,ORD_00306,21:20:26,20,7,20,0,20
744,ORD_00306,21:20:26,36,9,20,0,20
745,ORD_00307,19:25:09,28,2,20,1,20
746,ORD_00307,19:25:09,27,5,20,1,20
747,ORD_00308,12:19:17,29,6,20,1,20
748,ORD_00308,12:19:17,3,3,20,1,20
749,ORD_00308,12:19:17,25,1,20,1,20
750,ORD_00308,12:19:17,31,1,20,1,20
751,ORD_00309,12:24:25,21,4,20,0,20
752,ORD_00309,12:24:25,7,3,20,0,20
753,ORD_00310,19:41:12,10,9,20,0,20
754,ORD_00310,19:41:12,35,2,20,0,20
755,ORD_00311,11:49:42,28,6,20,1,20
756,ORD_00311,11:49:42,21,1,20,1,20
757,ORD_00313,21:33:06,31,5,20,0,20
758,ORD_00313,21:33:06,16,4,20,0,20
759,ORD_00314,18:49:49,35,3,20,1,20
760,ORD_00314,18:49:49,8,2,20,1,20
761,ORD_00314,18:49:49,33,7,20,1,20
762,ORD_00315,19:59:36,23,2,20,1,20
763,ORD_00316,12:03:36,35,7,103,0,103
764,ORD_00317,20:09:17,31,10,194,1,194
765,ORD_00317,20:09:17,28,3,194,1,194
766,ORD_00317,20:09:17,28,5,194,1,194
767,ORD_00318,22:30:24,31,2,194,1,194
768,ORD_00318,22:30:24,14,5,194,1,194
769,ORD_00318,22:30:24,27,6,194,1,194
770,ORD_00318,22:30:24,24,8,194,1,194
771,ORD_00319,19:36:10,31,5,194,0,194
772,ORD_00319,19:36:10,6,1,194,0,194
773,ORD_00320,19:17:43,22,9,194,0,194
774,ORD_00320,19:17:43,14,2,194,0,194
775,ORD_00320,19:17:43,36,1,194,0,194
776,ORD_00321,12:36:02,30,5,194,1,194
777,ORD_00322,13:08:06,10,4,105,1,105
778,ORD_00322,13:08:06,14,4,105,1,105
779,ORD_00322,13:08:06,2,1,105,1,105
780,ORD_00322,13:08:06,37,6,105,1,105
781,ORD_00322,13:08:06,3,6,105,1,105
782,ORD_00322,13:08:06,21,9,105,1,105
783,ORD_00323,21:50:52,18,6,105,0,105
784,ORD_00324,12:34:04,31,2,275,1,275
785,ORD_00324,12:34:04,1,2,275,1,275
786,ORD_00325,10:41:37,23,1,275,1,275
787,ORD_00325,10:41:37,31,5,275,1,275
788,ORD_00325,10:41:37,14,7,275,1,275
789,ORD_00325,10:41:37,30,5,275,1,275
790,ORD_00325,10:41:37,4,7,275,1,275
791,ORD_00326,18:33:17,16,4,275,0,275
792,ORD_00326,18:33:17,4,4,275,0,275
793,ORD_00326,18:33:17,35,4,275,0,275
794,ORD_00327,21:38:10,35,2,275,1,275
795,ORD_00327,21:38:10,23,2,275,1,275
796,ORD_00327,21:38:10,4,5,275,1,275
797,ORD_00328,18:48:06,31,3,275,1,275
798,ORD_00328,18:48:06,21,3,275,1,275
799,ORD_00329,12:22:18,7,5,275,0,275
800,ORD_00330,13:11:19,9,2,116,0,116
801,ORD_00330,13:11:19,35,8,116,0,116
802,ORD_00331,11:28:27,11,1,116,1,116
803,ORD_00331,11:28:27,28,1,116,1,116
804,ORD_00331,11:28:27,16,5,116,1,116
805,ORD_00332,20:42:45,37,6,116,1,116
806,ORD_00334,13:57:11,26,6,20,1,20
807,ORD_00334,13:57:11,31,7,20,1,20
808,ORD_00335,11:05:14,28,7,20,1,20
809,ORD_00335,11:05:14,36,6,20,1,20
810,ORD_00336,19:09:50,33,8,20,0,20
811,ORD_00336,19:09:50,3,6,20,0,20
812,ORD_00336,19:09:50,32,5,20,0,20
813,ORD_00337,13:34:07,4,3,20,1,20
814,ORD_00338,11:57:26,8,7,5,1,5
815,ORD_00339,13:09:04,10,2,4,0,4
816,ORD_00339,13:09:04,36,9,4,0,4
817,ORD_00339,13:09:04,20,6,4,0,4
818,ORD_00340,10:45:21,13,5,4,0,4
819,ORD_00342,12:30:25,23,8,241,1,241
820,ORD_00342,12:30:25,5,1,241,1,241
821,ORD_00342,12:30:25,13,9,241,1,241
822,ORD_00342,12:30:25,15,3,241,1,241
823,ORD_00343,13:25:47,17,4,241,0,241
824,ORD_00343,13:25:47,31,9,241,0,241
825,ORD_00343,13:25:47,32,9,241,0,241
826,ORD_00344,12:36:13,20,5,241,1,241
827,ORD_00344,12:36:13,31,1,241,1,241
828,ORD_00345,12:36:28,16,8,241,1,241
829,ORD_00345,12:36:28,12,5,241,1,241
830,ORD_00345,12:36:28,14,1,241,1,241
831,ORD_00345,12:36:28,35,7,241,1,241
832,ORD_00346,22:03:37,19,8,241,0,241
833,ORD_00346,22:03:37,14,3,241,0,241
834,ORD_00347,10:50:39,25,10,241,1,241
835,ORD_00348,10:38:06,19,9,237,1,237
836,ORD_00348,10:38:06,17,4,237,1,237
837,ORD_00349,18:48:22,28,3,237,0,237
838,ORD_00349,18:48:22,16,9,237,0,237
839,ORD_00349,18:48:22,35,6,237,0,237
840,ORD_00349,18:48:22,5,3,237,0,237
841,ORD_00350,22:45:33,26,3,237,0,237
842,ORD_00351,13:08:31,7,9,147,1,147
843,ORD_00351,13:08:31,34,4,147,1,147
844,ORD_00352,12:24:25,35,5,147,1,147
845,ORD_00353,20:33:42,23,5,133,0,133
846,ORD_00354,11:31:07,15,9,142,1,142
847,ORD_00354,11:31:07,24,3,142,1,142
848,ORD_00354,11:31:07,29,3,142,1,142
849,ORD_00354,11:31:07,7,7,142,1,142
850,ORD_00354,11:31:07,4,7,142,1,142
851,ORD_00354,11:31:07,26,8,142,1,142
852,ORD_00355,20:19:07,18,4,142,1,142
853,ORD_00356,19:11:56,31,1,71,0,71
854,ORD_00356,19:11:56,29,9,71,0,71
855,ORD_00356,19:11:56,7,3,71,0,71
856,ORD_00356,19:11:56,13,1,71,0,71
857,ORD_00357,19:35:46,27,1,71,1,71
858,ORD_00357,19:35:46,28,4,71,1,71
859,ORD_00357,19:35:46,12,3,71,1,71
860,ORD_00358,12:45:52,34,1,71,1,71
861,ORD_00358,12:45:52,17,10,71,1,71
862,ORD_00359,21:05:27,7,3,71,0,71
863,ORD_00359,21:05:27,31,6,71,0,71
864,ORD_00361,11:20:07,24,9,71,1,71
865,ORD_00361,11:20:07,21,3,71,1,71
866,ORD_00363,12:39:28,22,9,71,0,71
867,ORD_00364,19:00:34,7,9,164,1,164
868,ORD_00364,19:00:34,8,4,164,1,164
869,ORD_00365,13:04:41,3,7,164,1,164
870,ORD_00365,13:04:41,21,1,164,1,164
871,ORD_00366,21:14:08,21,6,164,0,164
872,ORD_00366,21:14:08,36,4,164,0,164
873,ORD_00367,21:46:26,3,1,164,1,164
874,ORD_00367,21:46:26,15,6,164,1,164
875,ORD_00367,21:46:26,33,6,164,1,164
876,ORD_00367,21:46:26,9,1,164,1,164
877,ORD_00368,13:32:11,9,3,164,1,164
878,ORD_00368,13:32:11,30,8,164,1,164
879,ORD_00368,13:32:11,6,9,164,1,164
880,ORD_00368,13:32:11,35,5,164,1,164
881,ORD_00369,21:09:05,21,3,164,0,164
882,ORD_00371,10:43:14,23,6,188,1,188
883,ORD_00372,20:46:57,29,10,82,1,82
884,ORD_00372,20:46:57,31,3,82,1,82
885,ORD_00372,20:46:57,37,7,82,1,82
886,ORD_00372,20:46:57,28,2,82,1,82
887,ORD_00373,13:39:56,3,2,82,0,82
888,ORD_00373,13:39:56,11,6,82,0,82
889,ORD_00374,13:18:54,25,5,82,1,82
890,ORD_00375,21:05:12,30,5,190,1,190
891,ORD_00375,21:05:12,1,8,190,1,190
892,ORD_00375,21:05:12,10,3,190,1,190
893,ORD_00375,21:05:12,12,1,190,1,190
894,ORD_00376,10:43:38,26,5,190,0,190
895,ORD_00376,10:43:38,35,10,190,0,190
896,ORD_00376,10:43:38,24,6,190,0,190
897,ORD_00377,12:43:37,17,2,190,1,190
898,ORD_00377,12:43:37,22,3,190,1,190
899,ORD_00377,12:43:37,8,2,190,1,190
900,ORD_00378,18:45:50,2,10,190,1,190
901,ORD_00378,18:45:50,2,3,190,1,190
902,ORD_00379,11:07:40,24,1,190,0,190
903,ORD_00379,11:07:40,15,3,190,0,190
904,ORD_00379,11:07:40,15,6,190,0,190
905,ORD_00379,11:07:40,19,7,190,0,190
906,ORD_00379,11:07:40,35,5,190,0,190
907,ORD_00379,11:07:40,4,2,190,0,190
908,ORD_00379,11:07:40,10,2,190,0,190
909,ORD_00379,11:07:40,7,5,190,0,190
910,ORD_00380,11:00:25,26,6,190,0,190
911,ORD_00381,20:12:34,32,9,54,1,54
912,ORD_00381,20:12:34,10,6,54,1,54
913,ORD_00382,19:12:20,19,2,54,1,54
914,ORD_00382,19:12:20,36,4,54,1,54
915,ORD_00383,21:57:56,21,3,54,0,54
916,ORD_00384,21:57:14,2,1,185,1,185
917,ORD_00384,21:57:14,7,7,185,1,185
918,ORD_00384,21:57:14,34,1,185,1,185
919,ORD_00384,21:57:14,17,4,185,1,185
920,ORD_00384,21:57:14,29,6,185,1,185
921,ORD_00384,21:57:14,29,5,185,1,185
922,ORD_00385,11:13:50,25,3,185,1,185
923,ORD_00385,11:13:50,2,7,185,1,185
924,ORD_00386,12:35:17,29,7,185,0,185
925,ORD_00388,20:51:00,2,7,64,1,64
926,ORD_00388,20:51:00,5,5,64,1,64
927,ORD_00388,20:51:00,19,2,64,1,64
928,ORD_00388,20:51:00,37,4,64,1,64
929,ORD_00389,11:45:12,31,3,64,0,64
930,ORD_00389,11:45:12,15,2,64,0,64
931,ORD_00389,11:45:12,5,6,64,0,64
932,ORD_00389,11:45:12,7,5,64,0,64
933,ORD_00390,13:05:29,22,2,64,0,64
934,ORD_00390,13:05:29,18,5,64,0,64
935,ORD_00390,13:05:29,3,2,64,0,64
936,ORD_00391,11:46:30,20,1,64,1,64
937,ORD_00391,11:46:30,12,2,64,1,64
938,ORD_00391,11:46:30,5,5,64,1,64
939,ORD_00391,11:46:30,13,5,64,1,64
940,ORD_00391,11:46:30,26,8,64,1,64
941,ORD_00392,11:04:34,21,4,64,1,64
942,ORD_00392,11:04:34,15,6,64,1,64
943,ORD_00393,21:32:00,4,9,64,0,64
944,ORD_00393,21:32:00,23,9,64,0,64
945,ORD_00393,21:32:00,13,3,64,0,64
946,ORD_00393,21:32:00,6,5,64,0,64
947,ORD_00394,18:35:10,26,3,64,1,64
948,ORD_00395,13:20:22,4,3,267,1,267
949,ORD_00395,13:20:22,35,7,267,1,267
950,ORD_00395,13:20:22,11,5,267,1,267
951,ORD_00396,21:33:13,14,1,267,0,267
952,ORD_00396,21:33:13,8,10,267,0,267
953,ORD_00396,21:33:13,25,4,267,0,267
954,ORD_00396,21:33:13,19,4,267,0,267
955,ORD_00396,21:33:13,15,5,267,0,267
956,ORD_00397,22:08:11,24,4,267,1,267
957,ORD_00397,22:08:11,13,2,267,1,267
958,ORD_00397,22:08:11,22,2,267,1,267
959,ORD_00398,21:31:39,25,5,267,1,267
960,ORD_00398,21:31:39,9,2,267,1,267
961,ORD_00398,21:31:39,30,3,267,1,267
962,ORD_00398,21:31:39,13,10,267,1,267
963,ORD_00400,10:47:14,21,5,267,0,267
964,ORD_00400,10:47:14,13,4,267,0,267
965,ORD_00400,10:47:14,5,2,267,0,267
966,ORD_00400,10:47:14,15,6,267,0,267
967,ORD_00401,12:42:49,8,3,267,1,267
968,ORD_00401,12:42:49,24,6,267,1,267
969,ORD_00401,12:42:49,25,2,267,1,267
970,ORD_00401,12:42:49,24,3,267,1,267
971,ORD_00402,22:44:14,13,4,267,1,267
972,ORD_00403,10:59:56,21,7,223,0,223
973,ORD_00403,10:59:56,11,4,223,0,223
974,ORD_00403,10:59:56,19,1,223,0,223
975,ORD_00404,12:06:20,36,1,223,1,223
976,ORD_00404,12:06:20,31,3,223,1,223
977,ORD_00405,20:09:18,16,8,223,1,223
978,ORD_00405,20:09:18,32,2,223,1,223
979,ORD_00406,12:50:17,13,3,223,0,223
980,ORD_00406,12:50:17,36,10,223,0,223
981,ORD_00406,12:50:17,15,3,223,0,223
982,ORD_00407,11:12:50,20,1,223,1,223
983,ORD_00407,11:12:50,26,1,223,1,223
984,ORD_00407,11:12:50,11,4,223,1,223
985,ORD_00407,11:12:50,26,3,223,1,223
986,ORD_00409,12:36:20,25,7,223,0,223
987,ORD_00409,12:36:20,7,2,223,0,223
988,ORD_00409,12:36:20,3,4,223,0,223
989,ORD_00409,12:36:20,7,3,223,0,223
990,ORD_00409,12:36:20,17,4,223,0,223
991,ORD_00409,12:36:20,20,2,223,0,223
992,ORD_00409,12:36:20,21,2,223,0,223
993,ORD_00410,11:05:07,16,5,223,0,223
994,ORD_00411,20:06:09,5,9,82,1,82
995,ORD_00411,20:06:09,7,2,82,1,82
996,ORD_00411,20:06:09,16,6,82,1,82
997,ORD_00411,20:06:09,6,2,82,1,82
998,ORD_00412,22:51:53,14,4,82,1,82
999,ORD_00412,22:51:53,17,6,82,1,82
1000,ORD_00412,22:51:53,31,6,82,1,82
1001,ORD_00412,22:51:53,16,6,82,1,82
1002,ORD_00412,22:51:53,33,5,82,1,82
1003,ORD_00412,22:51:53,26,6,82,1,82
1004,ORD_00412,22:51:53,11,7,82,1,82
1005,ORD_00412,22:51:53,14,2,82,1,82
1006,ORD_00413,22:11:40,33,6,82,0,82
1007,ORD_00413,22:11:40,15,5,82,0,82
1008,ORD_00414,19:47:15,13,6,82,1,82
1009,ORD_00415,10:33:26,28,6,70,1,70
1010,ORD_00415,10:33:26,30,2,70,1,70
1011,ORD_00416,11:48:16,1,1,70,0,70
1012,ORD_00416,11:48:16,31,3,70,0,70
1013,ORD_00417,13:11:26,30,9,70,1,70
1014,ORD_00418,18:56:47,2,10,35,1,35
1015,ORD_00418,18:56:47,5,5,35,1,35
1016,ORD_00418,18:56:47,7,2,35,1,35
1017,ORD_00420,11:49:19,4,1,35,0,35
1018,ORD_00420,11:49:19,37,9,35,0,35
1019,ORD_00420,11:49:19,28,1,35,0,35
1020,ORD_00420,11:49:19,13,1,35,0,35
1021,ORD_00420,11:49:19,9,5,35,0,35
1022,ORD_00421,11:40:38,2,2,35,1,35
1023,ORD_00421,11:40:38,23,9,35,1,35
1024,ORD_00422,11:58:19,6,5,35,1,35
1025,ORD_00423,20:38:21,27,10,155,0,155
1026,ORD_00423,20:38:21,3,9,155,0,155
1027,ORD_00423,20:38:21,3,10,155,0,155
1028,ORD_00423,20:38:21,10,5,155,0,155
1029,ORD_00423,20:38:21,18,1,155,0,155
1030,ORD_00423,20:38:21,11,5,155,0,155
1031,ORD_00424,21:11:47,21,2,155,1,155
1032,ORD_00424,21:11:47,29,7,155,1,155
1033,ORD_00424,21:11:47,2,3,155,1,155
1034,ORD_00425,19:49:28,33,5,155,1,155
1035,ORD_00425,19:49:28,15,2,155,1,155
1036,ORD_00426,20:48:30,26,9,155,0,155
1037,ORD_00426,20:48:30,10,4,155,0,155
1038,ORD_00427,13:48:31,4,8,155,1,155
1039,ORD_00428,10:44:31,24,9,7,1,7
1040,ORD_00428,10:44:31,22,2,7,1,7
1041,ORD_00428,10:44:31,10,1,7,1,7
1042,ORD_00429,12:19:35,20,10,7,0,7
1043,ORD_00429,12:19:35,8,7,7,0,7
1044,ORD_00429,12:19:35,19,2,7,0,7
1045,ORD_00429,12:19:35,1,6,7,0,7
1046,ORD_00429,12:19:35,21,3,7,0,7
1047,ORD_00429,12:19:35,27,7,7,0,7
1048,ORD_00430,10:50:51,9,10,7,0,7
1049,ORD_00430,10:50:51,27,9,7,0,7
1050,ORD_00431,12:18:22,13,3,7,1,7
1051,ORD_00432,13:48:32,7,2,62,1,62
1052,ORD_00432,13:48:32,20,6,62,1,62
1053,ORD_00434,12:34:01,30,7,62,1,62
1054,ORD_00434,12:34:01,25,4,62,1,62
1055,ORD_00434,12:34:01,35,7,62,1,62
1056,ORD_00435,20:17:24,12,4,62,1,62
1057,ORD_00435,20:17:24,30,8,62,1,62
1058,ORD_00435,20:17:24,3,8,62,1,62
1059,ORD_00435,20:17:24,4,5,62,1,62
1060,ORD_00436,18:40:15,17,3,62,0,62
1061,ORD_00436,18:40:15,32,6,62,0,62
1062,ORD_00437,19:22:10,19,6,62,1,62
1063,ORD_00438,13:08:43,10,9,94,1,94
1064,ORD_00438,13:08:43,15,6,94,1,94
1065,ORD_00438,13:08:43,3,5,94,1,94
1066,ORD_00438,13:08:43,15,5,94,1,94
1067,ORD_00439,13:03:33,17,6,94,0,94
1068,ORD_00440,19:19:05,5,5,87,0,87
1069,ORD_00440,19:19:05,4,8,87,0,87
1070,ORD_00440,19:19:05,16,6,87,0,87
1071,ORD_00441,13:15:14,7,9,87,1,87
1072,ORD_00441,13:15:14,19,3,87,1,87
1073,ORD_00443,19:54:55,24,8,87,0,87
1074,ORD_00444,13:33:42,37,9,263,1,263
1075,ORD_00446,10:48:03,34,3,111,0,111
1076,ORD_00446,10:48:03,10,6,111,0,111
1077,ORD_00447,10:36:46,37,5,111,1,111
1078,ORD_00447,10:36:46,13,7,111,1,111
1079,ORD_00447,10:36:46,3,5,111,1,111
1080,ORD_00448,13:44:28,19,3,111,1,111
1081,ORD_00448,13:44:28,9,6,111,1,111
1082,ORD_00448,13:44:28,32,1,111,1,111
1083,ORD_00448,13:44:28,16,3,111,1,111
1084,ORD_00450,13:10:27,7,3,111,0,111
1085,ORD_00450,13:10:27,27,4,111,0,111
1086,ORD_00452,13:51:47,33,8,111,1,111
1087,ORD_00452,13:51:47,37,6,111,1,111
1088,ORD_00452,13:51:47,23,7,111,1,111
1089,ORD_00452,13:51:47,26,6,111,1,111
1090,ORD_00454,21:06:55,9,1,111,1,111
1091,ORD_00455,11:05:08,9,9,89,1,89
1092,ORD_00455,11:05:08,19,6,89,1,89
1093,ORD_00455,11:05:08,21,5,89,1,89
1094,ORD_00457,12:37:17,5,4,89,1,89
1095,ORD_00457,12:37:17,12,5,89,1,89
1096,ORD_00458,12:23:56,18,8,89,1,89
1097,ORD_00458,12:23:56,26,1,89,1,89
1098,ORD_00459,18:50:49,20,5,89,0,89
1099,ORD_00459,18:50:49,18,1,89,0,89
1100,ORD_00460,11:00:51,27,3,89,0,89
1101,ORD_00460,11:00:51,29,4,89,0,89
1102,ORD_00461,19:17:14,27,3,89,1,89
1103,ORD_00461,19:17:14,36,9,89,1,89
1104,ORD_00461,19:17:14,26,5,89,1,89
1105,ORD_00461,19:17:14,2,3,89,1,89
1106,ORD_00462,13:42:13,4,3,89,1,89
1107,ORD_00462,13:42:13,33,10,89,1,89
1108,ORD_00462,13:42:13,1,1,89,1,89
1109,ORD_00463,11:35:26,32,5,89,0,89
1110,ORD_00463,11:35:26,22,3,89,0,89
1111,ORD_00464,19:14:40,35,6,89,1,89
1112,ORD_00464,19:14:40,28,8,89,1,89
1113,ORD_00464,19:14:40,5,1,89,1,89
1114,ORD_00464,19:14:40,1,6,89,1,89
1115,ORD_00465,21:13:53,5,10,89,1,89
1116,ORD_00465,21:13:53,9,7,89,1,89
1117,ORD_00465,21:13:53,35,1,89,1,89
1118,ORD_00466,10:35:31,11,2,89,0,89
1119,ORD_00466,10:35:31,29,8,89,0,89
1120,ORD_00466,10:35:31,15,1,89,0,89
1121,ORD_00466,10:35:31,3,4,89,0,89
1122,ORD_00467,19:17:10,1,6,89,1,89
1123,ORD_00467,19:17:10,12,1,89,1,89
1124,ORD_00467,19:17:10,9,4,89,1,89
1125,ORD_00467,19:17:10,23,6,89,1,89
1126,ORD_00468,22:43:50,35,10,89,1,89
1127,ORD_00468,22:43:50,11,3,89,1,89
1128,ORD_00468,22:43:50,11,10,89,1,89
1129,ORD_00468,22:43:50,10,4,89,1,89
1130,ORD_00469,12:05:16,24,8,89,0,89
1131,ORD_00469,12:05:16,34,4,89,0,89
1132,ORD_00470,10:34:14,13,8,89,0,89
1133,ORD_00470,10:34:14,10,10,89,0,89
1134,ORD_00471,20:36:22,5,8,89,1,89
1135,ORD_00471,20:36:22,25,4,89,1,89
1136,ORD_00471,20:36:22,5,4,89,1,89
1137,ORD_00472,22:30:55,2,4,89,1,89
1138,ORD_00472,22:30:55,4,4,89,1,89
1139,ORD_00473,12:20:37,29,4,89,0,89
1140,ORD_00473,12:20:37,32,1,89,0,89
1141,ORD_00473,12:20:37,25,6,89,0,89
1142,ORD_00474,12:26:26,2,6,89,1,89
1143,ORD_00474,12:26:26,7,6,89,1,89
1144,ORD_00475,19:50:17,31,4,89,1,89
1145,ORD_00475,19:50:17,10,9,89,1,89
1146,ORD_00476,21:02:10,5,7,89,0,89
1147,ORD_00476,21:02:10,6,6,89,0,89
1148,ORD_00476,21:02:10,30,6,89,0,89
1149,ORD_00477,21:50:32,35,5,89,1,89
1150,ORD_00478,13:49:51,14,5,24,1,24
1151,ORD_00478,13:49:51,29,8,24,1,24
1152,ORD_00478,13:49:51,16,8,24,1,24
1153,ORD_00478,13:49:51,37,6,24,1,24
1154,ORD_00478,13:49:51,28,5,24,1,24
1155,ORD_00478,13:49:51,32,10,24,1,24
1156,ORD_00479,13:14:06,13,9,24,0,24
1157,ORD_00479,13:14:06,7,1,24,0,24
1158,ORD_00480,21:08:39,7,7,24,0,24
1159,ORD_00480,21:08:39,34,7,24,0,24
1160,ORD_00481,13:02:58,37,10,24,1,24
1161,ORD_00482,13:04:24,5,4,43,1,43
1162,ORD_00482,13:04:24,37,1,43,1,43
1163,ORD_00483,13:14:46,10,4,43,0,43
1164,ORD_00483,13:14:46,16,8,43,0,43
1165,ORD_00483,13:14:46,18,8,43,0,43
1166,ORD_00483,13:14:46,13,5,43,0,43
1167,ORD_00484,12:29:04,19,10,43,1,43
1168,ORD_00484,12:29:04,32,2,43,1,43
1169,ORD_00485,18:55:37,5,6,43,1,43
1170,ORD_00485,18:55:37,34,10,43,1,43
1171,ORD_00485,18:55:37,17,8,43,1,43
1172,ORD_00486,19:49:19,21,2,43,0,43
1173,ORD_00486,19:49:19,33,2,43,0,43
1174,ORD_00486,19:49:19,22,3,43,0,43
1175,ORD_00486,19:49:19,11,2,43,0,43
1176,ORD_00486,19:49:19,30,3,43,0,43
1177,ORD_00487,19:58:23,32,6,43,1,43
1178,ORD_00487,19:58:23,20,7,43,1,43
1179,ORD_00488,19:27:49,6,6,43,1,43
1180,ORD_00490,20:03:20,25,4,143,0,143
1181,ORD_00490,20:03:20,33,7,143,0,143
1182,ORD_00490,20:03:20,10,7,143,0,143
1183,ORD_00491,22:35:29,35,8,143,1,143
1184,ORD_00491,22:35:29,35,6,143,1,143
1185,ORD_00491,22:35:29,31,1,143,1,143
1186,ORD_00492,13:33:59,8,7,143,1,143
1187,ORD_00492,13:33:59,3,9,143,1,143
1188,ORD_00492,13:33:59,6,2,143,1,143
1189,ORD_00493,21:30:28,11,8,143,0,143
1190,ORD_00493,21:30:28,4,5,143,0,143
1191,ORD_00493,21:30:28,1,6,143,0,143
1192,ORD_00493,21:30:28,27,6,143,0,143
1193,ORD_00494,11:04:46,20,3,143,1,143
1194,ORD_00495,13:51:52,36,9,8,1,8
1195,ORD_00496,21:28:14,36,9,144,0,144
1196,ORD_00496,21:28:14,16,3,144,0,144
1197,ORD_00496,21:28:14,22,8,144,0,144
1198,ORD_00496,21:28:14,25,6,144,0,144
1199,ORD_00496,21:28:14,35,7,144,0,144
1200,ORD_00496,21:28:14,22,5,144,0,144
1201,ORD_00497,18:53:43,37,4,144,1,144
1202,ORD_00500,12:17:57,31,4,266,0,266
1203,ORD_00500,12:17:57,4,3,266,0,266
1204,ORD_00500,12:17:57,27,7,266,0,266
1205,ORD_00501,11:48:39,19,7,266,1,266
1206,ORD_00501,11:48:39,24,1,266,1,266
1207,ORD_00501,11:48:39,1,3,266,1,266
1208,ORD_00502,22:37:37,2,9,266,1,266
1209,ORD_00503,12:47:06,34,9,142,0,142
1210,ORD_00503,12:47:06,16,8,142,0,142
1211,ORD_00504,11:16:47,8,6,142,1,142
1212,ORD_00504,11:16:47,6,6,142,1,142
1213,ORD_00504,11:16:47,19,5,142,1,142
1214,ORD_00504,11:16:47,12,2,142,1,142
1215,ORD_00505,11:42:01,18,7,142,1,142
1216,ORD_00506,18:45:48,37,10,233,0,233
1217,ORD_00507,19:18:25,16,2,300,1,300
1218,ORD_00507,19:18:25,23,8,300,1,300
1219,ORD_00507,19:18:25,1,3,300,1,300
1220,ORD_00507,19:18:25,10,6,300,1,300
1221,ORD_00507,19:18:25,11,6,300,1,300
1222,ORD_00508,22:37:44,31,7,300,1,300
1223,ORD_00509,22:28:57,14,5,114,0,114
1224,ORD_00509,22:28:57,7,2,114,0,114
1225,ORD_00509,22:28:57,16,5,114,0,114
1226,ORD_00509,22:28:57,14,1,114,0,114
1227,ORD_00510,22:38:20,15,9,114,0,114
1228,ORD_00510,22:38:20,15,6,114,0,114
1229,ORD_00511,21:20:26,22,3,114,1,114
1230,ORD_00511,21:20:26,5,4,114,1,114
1231,ORD_00511,21:20:26,34,6,114,1,114
1232,ORD_00512,19:06:02,25,7,114,1,114
1233,ORD_00512,19:06:02,24,2,114,1,114
1234,ORD_00513,21:01:01,3,4,114,0,114
1235,ORD_00514,13:56:14,26,8,82,1,82
1236,ORD_00514,13:56:14,21,9,82,1,82
1237,ORD_00514,13:56:14,29,1,82,1,82
1238,ORD_00515,13:05:43,26,3,82,1,82
1239,ORD_00515,13:05:43,32,5,82,1,82
1240,ORD_00516,12:48:49,34,6,82,0,82
1241,ORD_00516,12:48:49,22,9,82,0,82
1242,ORD_00516,12:48:49,36,7,82,0,82
1243,ORD_00517,21:27:28,15,4,82,1,82
1244,ORD_00517,21:27:28,35,9,82,1,82
1245,ORD_00517,21:27:28,35,3,82,1,82
1246,ORD_00517,21:27:28,6,2,82,1,82
1247,ORD_00518,18:58:30,35,5,82,1,82
1248,ORD_00518,18:58:30,33,3,82,1,82
1249,ORD_00518,18:58:30,28,9,82,1,82
1250,ORD_00519,12:14:23,36,4,82,0,82
1251,ORD_00519,12:14:23,11,5,82,0,82
1252,ORD_00519,12:14:23,17,9,82,0,82
1253,ORD_00519,12:14:23,26,7,82,0,82
1254,ORD_00519,12:14:23,14,4,82,0,82
1255,ORD_00520,20:07:19,4,4,82,0,82
1256,ORD_00520,20:07:19,34,7,82,0,82
1257,ORD_00520,20:07:19,5,3,82,0,82
1258,ORD_00521,18:45:07,2,6,82,1,82
1259,ORD_00522,19:53:25,10,1,120,1,120
1260,ORD_00522,19:53:25,20,3,120,1,120
1261,ORD_00523,12:23:41,13,10,120,0,120
1262,ORD_00523,12:23:41,24,7,120,0,120
1263,ORD_00523,12:23:41,10,6,120,0,120
1264,ORD_00523,12:23:41,28,2,120,0,120
1265,ORD_00523,12:23:41,19,2,120,0,120
1266,ORD_00524,12:38:05,19,3,120,1,120
1267,ORD_00524,12:38:05,4,7,120,1,120
1268,ORD_00524,12:38:05,27,5,120,1,120
1269,ORD_00525,12:28:40,11,6,120,1,120
1270,ORD_00525,12:28:40,26,7,120,1,120
1271,ORD_00526,11:38:29,8,3,120,0,120
1272,ORD_00526,11:38:29,10,9,120,0,120
1273,ORD_00526,11:38:29,3,7,120,0,120
1274,ORD_00527,20:38:09,16,4,120,1,120
1275,ORD_00527,20:38:09,31,7,120,1,120
1276,ORD_00527,20:38:09,34,2,120,1,120
1277,ORD_00529,22:29:26,6,4,120,0,120
1278,ORD_00530,20:34:53,8,8,57,0,57
1279,ORD_00530,20:34:53,15,10,57,0,57
1280,ORD_00530,20:34:53,27,1,57,0,57
1281,ORD_00530,20:34:53,24,6,57,0,57
1282,ORD_00531,22:36:31,13,3,57,1,57
1283,ORD_00531,22:36:31,6,10,57,1,57
1284,ORD_00531,22:36:31,33,3,57,1,57
1285,ORD_00531,22:36:31,8,2,57,1,57
1286,ORD_00531,22:36:31,34,4,57,1,57
1287,ORD_00531,22:36:31,37,6,57,1,57
1288,ORD_00531,22:36:31,1,2,57,1,57
1289,ORD_00531,22:36:31,5,8,57,1,57
1290,ORD_00532,18:52:30,1,8,57,1,57
1291,ORD_00532,18:52:30,29,1,57,1,57
1292,ORD_00532,18:52:30,35,4,57,1,57
1293,ORD_00532,18:52:30,23,2,57,1,57
1294,ORD_00533,11:11:24,28,10,57,0,57
1295,ORD_00533,11:11:24,20,6,57,0,57
1296,ORD_00533,11:11:24,31,10,57,0,57
1297,ORD_00533,11:11:24,30,6,57,0,57
1298,ORD_00534,11:09:56,27,6,57,1,57
1299,ORD_00535,11:59:38,37,4,242,1,242
1300,ORD_00536,18:42:56,15,3,165,0,165
1301,ORD_00537,12:41:44,30,8,283,1,283
1302,ORD_00537,12:41:44,16,7,283,1,283
1303,ORD_00537,12:41:44,37,7,283,1,283
1304,ORD_00537,12:41:44,13,1,283,1,283
1305,ORD_00537,12:41:44,19,7,283,1,283
1306,ORD_00537,12:41:44,2,7,283,1,283
1307,ORD_00538,20:38:29,25,3,283,1,283
1308,ORD_00538,20:38:29,27,10,283,1,283
1309,ORD_00538,20:38:29,28,5,283,1,283
1310,ORD_00539,19:21:57,5,5,283,0,283
1311,ORD_00539,19:21:57,22,9,283,0,283
1312,ORD_00539,19:21:57,7,4,283,0,283
1313,ORD_00539,19:21:57,4,5,283,0,283
1314,ORD_00539,19:21:57,2,2,283,0,283
1315,ORD_00540,21:42:27,12,9,283,0,283
1316,ORD_00541,12:15:02,20,4,152,1,152
1317,ORD_00542,11:16:28,28,5,294,1,294
1318,ORD_00542,11:16:28,14,10,294,1,294
1319,ORD_00542,11:16:28,23,7,294,1,294
1320,ORD_00542,11:16:28,30,6,294,1,294
1321,ORD_00542,11:16:28,17,4,294,1,294
1322,ORD_00543,11:49:56,17,8,294,0,294
1323,ORD_00544,20:46:05,2,10,109,1,109
1324,ORD_00544,20:46:05,36,10,109,1,109
1325,ORD_00544,20:46:05,37,3,109,1,109
1326,ORD_00545,21:16:09,6,7,109,1,109
1327,ORD_00545,21:16:09,9,4,109,1,109
1328,ORD_00545,21:16:09,23,7,109,1,109
1329,ORD_00546,12:09:51,4,1,109,0,109
1330,ORD_00548,12:11:36,27,1,297,1,297
1331,ORD_00548,12:11:36,31,1,297,1,297
1332,ORD_00548,12:11:36,12,2,297,1,297
1333,ORD_00548,12:11:36,33,3,297,1,297
1334,ORD_00548,12:11:36,3,7,297,1,297
1335,ORD_00549,20:42:08,28,1,297,0,297
1336,ORD_00549,20:42:08,18,9,297,0,297
1337,ORD_00550,11:23:09,6,5,297,0,297
1338,ORD_00551,21:00:22,12,5,85,1,85
1339,ORD_00552,22:38:22,3,5,172,1,172
1340,ORD_00552,22:38:22,3,9,172,1,172
1341,ORD_00552,22:38:22,23,2,172,1,172
1342,ORD_00552,22:38:22,33,4,172,1,172
1343,ORD_00553,13:17:19,35,1,172,0,172
1344,ORD_00553,13:17:19,5,2,172,0,172
1345,ORD_00554,21:23:02,14,1,172,1,172
1346,ORD_00554,21:23:02,25,4,172,1,172
1347,ORD_00554,21:23:02,22,1,172,1,172
1348,ORD_00554,21:23:02,4,1,172,1,172
1349,ORD_00554,21:23:02,26,4,172,1,172
1350,ORD_00555,21:58:55,29,2,172,1,172
1351,ORD_00555,21:58:55,28,1,172,1,172
1352,ORD_00555,21:58:55,2,2,172,1,172
1353,ORD_00556,19:52:37,11,7,172,0,172
1354,ORD_00556,19:52:37,7,6,172,0,172
1355,ORD_00556,19:52:37,2,4,172,0,172
1356,ORD_00556,19:52:37,23,5,172,0,172
1357,ORD_00556,19:52:37,28,7,172,0,172
1358,ORD_00557,10:51:45,16,3,172,1,172
1359,ORD_00558,21:56:07,4,6,112,1,112
1360,ORD_00558,21:56:07,7,3,112,1,112
1361,ORD_00558,21:56:07,3,7,112,1,112
1362,ORD_00558,21:56:07,21,7,112,1,112
1363,ORD_00559,11:37:21,26,8,112,0,112
1364,ORD_00560,22:04:12,3,3,46,0,46
1365,ORD_00560,22:04:12,5,9,46,0,46
1366,ORD_00560,22:04:12,20,3,46,0,46
1367,ORD_00561,21:58:39,33,4,46,1,46
1368,ORD_00561,21:58:39,27,6,46,1,46
1369,ORD_00561,21:58:39,3,1,46,1,46
1370,ORD_00561,21:58:39,21,8,46,1,46
1371,ORD_00562,20:05:48,8,10,46,1,46
1372,ORD_00562,20:05:48,37,4,46,1,46
1373,ORD_00562,20:05:48,37,3,46,1,46
1374,ORD_00563,11:10:43,25,10,46,0,46
1375,ORD_00563,11:10:43,13,7,46,0,46
1376,ORD_00563,11:10:43,21,1,46,0,46
1377,ORD_00563,11:10:43,8,6,46,0,46
1378,ORD_00564,20:09:28,33,3,46,1,46
1379,ORD_00564,20:09:28,25,3,46,1,46
1380,ORD_00564,20:09:28,31,5,46,1,46
1381,ORD_00565,20:51:12,35,4,46,1,46
1382,ORD_00565,20:51:12,29,2,46,1,46
1383,ORD_00566,11:40:47,5,6,46,0,46
1384,ORD_00566,11:40:47,37,6,46,0,46
1385,ORD_00566,11:40:47,12,2,46,0,46
1386,ORD_00567,13:17:17,5,3,46,1,46
1387,ORD_00567,13:17:17,3,9,46,1,46
1388,ORD_00567,13:17:17,6,4,46,1,46
1389,ORD_00568,13:55:28,33,4,46,1,46
1390,ORD_00569,12:19:14,22,2,199,0,199
1391,ORD_00569,12:19:14,18,7,199,0,199
1392,ORD_00570,18:50:08,18,5,199,0,199
1393,ORD_00570,18:50:08,14,8,199,0,199
1394,ORD_00570,18:50:08,1,6,199,0,199
1395,ORD_00570,18:50:08,21,2,199,0,199
1396,ORD_00570,18:50:08,31,3,199,0,199
1397,ORD_00572,21:00:50,24,7,199,1,199
1398,ORD_00573,22:48:14,10,8,77,0,77
1399,ORD_00573,22:48:14,2,6,77,0,77
1400,ORD_00573,22:48:14,9,7,77,0,77
1401,ORD_00574,12:32:27,24,6,77,1,77
1402,ORD_00574,12:32:27,27,5,77,1,77
1403,ORD_00575,13:55:38,18,3,77,1,77
1404,ORD_00575,13:55:38,19,4,77,1,77
1405,ORD_00575,13:55:38,13,8,77,1,77
1406,ORD_00577,12:25:20,19,6,77,1,77
1407,ORD_00577,12:25:20,12,3,77,1,77
1408,ORD_00578,19:54:31,24,5,77,1,77
1409,ORD_00578,19:54:31,33,5,77,1,77
1410,ORD_00578,19:54:31,23,4,77,1,77
1411,ORD_00579,12:08:10,23,4,77,0,77
1412,ORD_00579,12:08:10,37,6,77,0,77
1413,ORD_00579,12:08:10,10,5,77,0,77
1414,ORD_00579,12:08:10,15,4,77,0,77
1415,ORD_00580,19:29:06,16,8,77,0,77
1416,ORD_00581,20:16:48,35,4,271,1,271
1417,ORD_00581,20:16:48,23,10,271,1,271
1418,ORD_00582,10:34:08,17,10,271,1,271
1419,ORD_00582,10:34:08,28,3,271,1,271
1420,ORD_00583,11:36:22,2,6,271,0,271
1421,ORD_00583,11:36:22,6,4,271,0,271
1422,ORD_00583,11:36:22,4,3,271,0,271
1423,ORD_00584,10:56:37,12,3,271,1,271
1424,ORD_00584,10:56:37,12,1,271,1,271
1425,ORD_00585,11:33:46,5,4,271,1,271
1426,ORD_00586,22:50:52,5,9,242,0,242
1427,ORD_00586,22:50:52,29,1,242,0,242
1428,ORD_00586,22:50:52,11,1,242,0,242
1429,ORD_00587,12:33:06,29,8,242,1,242
1430,ORD_00587,12:33:06,8,2,242,1,242
1431,ORD_00587,12:33:06,23,4,242,1,242
1432,ORD_00587,12:33:06,26,5,242,1,242
1433,ORD_00587,12:33:06,25,2,242,1,242
1434,ORD_00588,20:33:02,26,2,242,1,242
1435,ORD_00588,20:33:02,11,7,242,1,242
1436,ORD_00589,12:20:27,4,1,242,0,242
1437,ORD_00589,12:20:27,23,10,242,0,242
1438,ORD_00591,18:59:46,1,1,242,1,242
1439,ORD_00591,18:59:46,18,4,242,1,242
1440,ORD_00592,18:34:33,15,3,242,1,242
1441,ORD_00592,18:34:33,14,4,242,1,242
1442,ORD_00593,22:03:10,34,2,242,0,242
1443,ORD_00593,22:03:10,20,8,242,0,242
1444,ORD_00594,13:58:00,7,5,242,1,242
1445,ORD_00595,21:55:55,35,4,162,1,162
1446,ORD_00596,22:36:32,36,2,167,0,167
1447,ORD_00597,22:39:26,37,4,82,1,82
1448,ORD_00597,22:39:26,18,8,82,1,82
1449,ORD_00598,19:42:43,33,4,82,1,82
1450,ORD_00598,19:42:43,7,1,82,1,82
1451,ORD_00598,19:42:43,10,7,82,1,82
1452,ORD_00598,19:42:43,4,3,82,1,82
1453,ORD_00599,13:53:23,16,10,82,0,82
1454,ORD_00600,13:36:18,21,1,199,0,199
1455,ORD_00600,13:36:18,15,3,199,0,199
1456,ORD_00600,13:36:18,25,5,199,0,199
1457,ORD_00600,13:36:18,34,5,199,0,199
1458,ORD_00601,10:49:45,22,7,199,1,199
1459,ORD_00602,11:19:57,15,4,85,1,85
1460,ORD_00602,11:19:57,6,3,85,1,85
1461,ORD_00602,11:19:57,27,1,85,1,85
1462,ORD_00602,11:19:57,26,4,85,1,85
1463,ORD_00602,11:19:57,17,2,85,1,85
1464,ORD_00603,22:31:53,9,6,85,0,85
1465,ORD_00604,21:51:43,2,9,44,1,44
1466,ORD_00604,21:51:43,1,2,44,1,44
1467,ORD_00604,21:51:43,13,8,44,1,44
1468,ORD_00604,21:51:43,33,10,44,1,44
1469,ORD_00604,21:51:43,20,7,44,1,44
1470,ORD_00605,18:31:23,6,3,44,1,44
1471,ORD_00605,18:31:23,4,1,44,1,44
1472,ORD_00605,18:31:23,36,4,44,1,44
1473,ORD_00606,20:17:31,28,3,44,0,44
1474,ORD_00606,20:17:31,36,5,44,0,44
1475,ORD_00607,22:46:20,22,3,44,1,44
1476,ORD_00607,22:46:20,4,6,44,1,44
1477,ORD_00608,18:55:38,21,8,44,1,44
1478,ORD_00609,22:14:45,12,4,287,0,287
1479,ORD_00610,22:44:54,5,6,61,0,61
1480,ORD_00610,22:44:54,34,2,61,0,61
1481,ORD_00611,22:49:55,27,7,61,1,61
1482,ORD_00611,22:49:55,21,7,61,1,61
1483,ORD_00612,10:56:16,16,5,61,1,61
1484,ORD_00612,10:56:16,25,2,61,1,61
1485,ORD_00613,11:07:23,15,3,61,0,61
1486,ORD_00613,11:07:23,20,8,61,0,61
1487,ORD_00613,11:07:23,29,1,61,0,61
1488,ORD_00614,11:40:30,30,5,61,1,61
1489,ORD_00614,11:40:30,1,7,61,1,61
1490,ORD_00614,11:40:30,29,5,61,1,61
1491,ORD_00615,20:05:57,37,7,61,1,61
1492,ORD_00615,20:05:57,29,1,61,1,61
1493,ORD_00616,12:12:59,37,7,61,0,61
1494,ORD_00616,12:12:59,1,1,61,0,61
1495,ORD_00616,12:12:59,9,7,61,0,61
1496,ORD_00616,12:12:59,13,6,61,0,61
1497,ORD_00616,12:12:59,17,2,61,0,61
1498,ORD_00617,13:09:33,24,2,61,1,61
1499,ORD_00617,13:09:33,7,4,61,1,61
1500,ORD_00617,13:09:33,6,8,61,1,61
1501,ORD_00618,22:58:42,18,1,61,1,61
1502,ORD_00619,10:44:36,36,6,38,0,38
1503,ORD_00619,10:44:36,14,3,38,0,38
1504,ORD_00619,10:44:36,23,2,38,0,38
1505,ORD_00620,20:29:35,8,8,38,0,38
1506,ORD_00621,20:15:54,9,8,9,1,9
1507,ORD_00621,20:15:54,30,10,9,1,9
1508,ORD_00622,18:54:46,7,3,9,1,9
1509,ORD_00623,13:34:56,36,7,162,0,162
1510,ORD_00624,13:44:41,15,7,276,1,276
1511,ORD_00625,11:02:06,5,3,214,1,214
1512,ORD_00625,11:02:06,24,6,214,1,214
1513,ORD_00625,11:02:06,1,4,214,1,214
1514,ORD_00625,11:02:06,14,6,214,1,214
1515,ORD_00626,11:01:51,1,7,214,0,214
1516,ORD_00626,11:01:51,35,7,214,0,214
1517,ORD_00627,18:40:38,11,3,214,1,214
1518,ORD_00627,18:40:38,24,7,214,1,214
1519,ORD_00628,12:59:37,26,9,214,1,214
1520,ORD_00628,12:59:37,30,2,214,1,214
1521,ORD_00628,12:59:37,5,4,214,1,214
1522,ORD_00628,12:59:37,22,9,214,1,214
1523,ORD_00630,11:45:17,14,7,214,0,214
1524,ORD_00630,11:45:17,9,4,214,0,214
1525,ORD_00630,11:45:17,24,1,214,0,214
1526,ORD_00631,20:58:10,19,6,214,1,214
1527,ORD_00632,21:15:23,23,9,16,1,16
1528,ORD_00632,21:15:23,13,4,16,1,16
1529,ORD_00633,12:27:38,1,8,16,0,16
1530,ORD_00633,12:27:38,9,9,16,0,16
1531,ORD_00633,12:27:38,21,4,16,0,16
1532,ORD_00634,19:12:04,29,3,16,1,16
1533,ORD_00634,19:12:04,1,7,16,1,16
1534,ORD_00635,13:33:08,35,7,16,1,16
1535,ORD_00636,13:37:16,27,4,288,0,288
1536,ORD_00637,22:39:08,24,3,285,1,285
1537,ORD_00637,22:39:08,3,1,285,1,285
1538,ORD_00638,19:18:01,25,10,285,1,285
1539,ORD_00638,19:18:01,36,6,285,1,285
1540,ORD_00638,19:18:01,8,4,285,1,285
1541,ORD_00639,19:01:30,6,1,285,0,285
1542,ORD_00639,19:01:30,33,3,285,0,285
1543,ORD_00640,22:15:22,19,7,285,0,285
1544,ORD_00640,22:15:22,23,6,285,0,285
1545,ORD_00641,20:02:42,13,5,285,1,285
1546,ORD_00641,20:02:42,27,9,285,1,285
1547,ORD_00641,20:02:42,21,2,285,1,285
1548,ORD_00641,20:02:42,37,6,285,1,285
1549,ORD_00641,20:02:42,11,2,285,1,285
1550,ORD_00641,20:02:42,9,4,285,1,285
1551,ORD_00641,20:02:42,26,4,285,1,285
1552,ORD_00643,13:34:23,16,1,285,0,285
1553,ORD_00644,11:36:45,9,8,18,1,18
1554,ORD_00645,19:12:36,32,4,210,1,210
1555,ORD_00645,19:12:36,20,8,210,1,210
1556,ORD_00645,19:12:36,25,7,210,1,210
1557,ORD_00646,11:45:18,33,4,210,0,210
1558,ORD_00646,11:45:18,13,6,210,0,210
1559,ORD_00646,11:45:18,13,1,210,0,210
1560,ORD_00647,11:55:58,30,10,210,1,210
1561,ORD_00647,11:55:58,23,4,210,1,210
1562,ORD_00648,12:06:42,25,8,210,1,210
1563,ORD_00648,12:06:42,7,10,210,1,210
1564,ORD_00648,12:06:42,33,1,210,1,210
1565,ORD_00649,21:00:22,10,3,210,0,210
1566,ORD_00649,21:00:22,23,6,210,0,210
1567,ORD_00649,21:00:22,14,8,210,0,210
1568,ORD_00649,21:00:22,2,9,210,0,210
1569,ORD_00650,19:21:44,33,8,210,0,210
1570,ORD_00652,21:04:15,33,2,141,1,141
1571,ORD_00653,20:37:30,25,5,251,0,251
1572,ORD_00654,18:39:52,15,3,12,1,12
1573,ORD_00654,18:39:52,14,6,12,1,12
1574,ORD_00655,21:34:51,19,9,12,1,12
1575,ORD_00655,21:34:51,37,3,12,1,12
1576,ORD_00655,21:34:51,22,3,12,1,12
1577,ORD_00655,21:34:51,36,4,12,1,12
1578,ORD_00656,12:28:57,30,5,12,0,12
1579,ORD_00656,12:28:57,31,3,12,0,12
1580,ORD_00658,18:48:16,35,7,12,1,12
1581,ORD_00659,12:57:04,24,2,140,0,140
1582,ORD_00660,19:50:42,20,5,63,0,63
1583,ORD_00661,12:47:57,31,9,196,1,196
1584,ORD_00661,12:47:57,8,7,196,1,196
1585,ORD_00662,13:04:59,3,1,196,1,196
1586,ORD_00662,13:04:59,26,5,196,1,196
1587,ORD_00663,13:55:46,33,3,196,0,196
1588,ORD_00663,13:55:46,29,1,196,0,196
1589,ORD_00664,13:58:57,36,9,196,1,196
1590,ORD_00664,13:58:57,3,1,196,1,196
1591,ORD_00664,13:58:57,25,3,196,1,196
1592,ORD_00664,13:58:57,14,5,196,1,196
1593,ORD_00665,20:42:10,36,8,196,1,196
1594,ORD_00665,20:42:10,28,4,196,1,196
1595,ORD_00665,20:42:10,6,6,196,1,196
1596,ORD_00666,13:00:33,4,6,196,0,196
1597,ORD_00666,13:00:33,22,5,196,0,196
1598,ORD_00666,13:00:33,11,3,196,0,196
1599,ORD_00667,20:58:25,20,1,196,1,196
1600,ORD_00667,20:58:25,1,4,196,1,196
1601,ORD_00667,20:58:25,22,5,196,1,196
1602,ORD_00667,20:58:25,14,8,196,1,196
1603,ORD_00668,21:49:02,13,1,196,1,196
1604,ORD_00668,21:49:02,16,5,196,1,196
1605,ORD_00668,21:49:02,37,8,196,1,196
1606,ORD_00669,12:04:27,6,6,196,0,196
1607,ORD_00669,12:04:27,31,5,196,0,196
1608,ORD_00669,12:04:27,30,3,196,0,196
1609,ORD_00670,11:47:41,37,10,196,0,196
1610,ORD_00670,11:47:41,7,8,196,0,196
1611,ORD_00671,11:57:48,25,2,196,1,196
1612,ORD_00671,11:57:48,6,7,196,1,196
1613,ORD_00671,11:57:48,8,7,196,1,196
1614,ORD_00672,11:21:40,9,3,196,1,196
1615,ORD_00672,11:21:40,5,2,196,1,196
1616,ORD_00672,11:21:40,23,3,196,1,196
1617,ORD_00673,22:39:16,2,9,196,0,196
1618,ORD_00673,22:39:16,23,7,196,0,196
1619,ORD_00673,22:39:16,37,7,196,0,196
1620,ORD_00674,18:50:59,4,3,196,1,196
1621,ORD_00674,18:50:59,12,2,196,1,196
1622,ORD_00674,18:50:59,14,9,196,1,196
1623,ORD_00676,19:47:37,11,4,196,0,196
1624,ORD_00676,19:47:37,13,7,196,0,196
1625,ORD_00677,12:45:22,32,10,196,1,196
1626,ORD_00678,11:10:26,7,5,73,1,73
1627,ORD_00679,21:58:44,32,5,140,0,140
1628,ORD_00680,13:27:13,21,10,288,0,288
1629,ORD_00681,21:06:57,13,1,88,1,88
1630,ORD_00681,21:06:57,37,1,88,1,88
1631,ORD_00681,21:06:57,6,7,88,1,88
1632,ORD_00682,13:29:58,25,9,88,1,88
1633,ORD_00682,13:29:58,14,5,88,1,88
1634,ORD_00682,13:29:58,36,6,88,1,88
1635,ORD_00682,13:29:58,16,9,88,1,88
1636,ORD_00682,13:29:58,26,10,88,1,88
1637,ORD_00683,12:18:50,37,6,88,0,88
1638,ORD_00683,12:18:50,36,9,88,0,88
1639,ORD_00684,21:52:34,5,10,88,1,88
1640,ORD_00684,21:52:34,27,3,88,1,88
1641,ORD_00684,21:52:34,3,4,88,1,88
1642,ORD_00684,21:52:34,9,6,88,1,88
1643,ORD_00684,21:52:34,33,7,88,1,88
1644,ORD_00685,20:27:13,3,3,88,1,88
1645,ORD_00685,20:27:13,16,7,88,1,88
1646,ORD_00685,20:27:13,25,7,88,1,88
1647,ORD_00685,20:27:13,26,4,88,1,88
1648,ORD_00685,20:27:13,16,10,88,1,88
1649,ORD_00686,18:55:28,36,3,88,0,88
1650,ORD_00686,18:55:28,26,1,88,0,88
1651,ORD_00686,18:55:28,16,4,88,0,88
1652,ORD_00686,18:55:28,17,1,88,0,88
1653,ORD_00687,12:35:50,19,8,88,1,88
1654,ORD_00687,12:35:50,19,8,88,1,88
1655,ORD_00688,10:38:12,34,7,88,1,88
1656,ORD_00688,10:38:12,13,1,88,1,88
1657,ORD_00688,10:38:12,34,4,88,1,88
1658,ORD_00688,10:38:12,17,2,88,1,88
1659,ORD_00688,10:38:12,29,8,88,1,88
1660,ORD_00689,20:18:20,30,10,88,0,88
1661,ORD_00690,20:26:32,2,3,298,0,298
1662,ORD_00690,20:26:32,24,6,298,0,298
1663,ORD_00691,12:18:49,1,2,298,1,298
1664,ORD_00691,12:18:49,33,9,298,1,298
1665,ORD_00691,12:18:49,36,2,298,1,298
1666,ORD_00693,20:29:41,18,9,298,0,298
1667,ORD_00693,20:29:41,21,7,298,0,298
1668,ORD_00694,19:46:24,22,3,298,1,298
1669,ORD_00694,19:46:24,7,10,298,1,298
1670,ORD_00694,19:46:24,17,4,298,1,298
1671,ORD_00695,19:31:44,32,6,298,1,298
1672,ORD_00695,19:31:44,2,4,298,1,298
1673,ORD_00696,11:52:14,9,7,298,0,298
1674,ORD_00696,11:52:14,15,5,298,0,298
1675,ORD_00696,11:52:14,5,9,298,0,298
1676,ORD_00697,22:17:01,8,1,298,1,298
1677,ORD_00697,22:17:01,3,5,298,1,298
1678,ORD_00697,22:17:01,1,6,298,1,298
1679,ORD_00698,22:19:03,36,2,298,1,298
1680,ORD_00699,20:47:17,5,4,30,0,30
1681,ORD_00699,20:47:17,8,5,30,0,30
1682,ORD_00699,20:47:17,26,8,30,0,30
1683,ORD_00700,18:59:26,24,9,30,0,30
1684,ORD_00700,18:59:26,24,9,30,0,30
1685,ORD_00701,22:08:26,5,2,30,1,30
1686,ORD_00701,22:08:26,37,10,30,1,30
1687,ORD_00702,19:48:31,7,9,30,1,30
1688,ORD_00703,18:55:00,37,1,279,0,279
1689,ORD_00703,18:55:00,26,5,279,0,279
1690,ORD_00703,18:55:00,22,1,279,0,279
1691,ORD_00703,18:55:00,33,3,279,0,279
1692,ORD_00704,12:53:42,32,6,279,1,279
1693,ORD_00704,12:53:42,14,5,279,1,279
1694,ORD_00706,18:36:28,20,6,279,0,279
1695,ORD_00706,18:36:28,30,3,279,0,279
1696,ORD_00706,18:36:28,5,4,279,0,279
1697,ORD_00706,18:36:28,27,8,279,0,279
1698,ORD_00706,18:36:28,15,5,279,0,279
1699,ORD_00706,18:36:28,18,5,279,0,279
1700,ORD_00707,11:40:51,29,5,279,1,279
1701,ORD_00708,19:11:56,36,1,126,1,126
1702,ORD_00708,19:11:56,1,7,126,1,126
1703,ORD_00709,19:37:41,13,5,126,0,126
1704,ORD_00709,19:37:41,23,4,126,0,126
1705,ORD_00709,19:37:41,33,5,126,0,126
1706,ORD_00709,19:37:41,29,7,126,0,126
1707,ORD_00710,21:17:51,23,10,126,0,126
1708,ORD_00711,19:05:17,2,4,176,1,176
1709,ORD_00711,19:05:17,35,6,176,1,176
1710,ORD_00711,19:05:17,2,2,176,1,176
1711,ORD_00711,19:05:17,37,7,176,1,176
1712,ORD_00711,19:05:17,28,2,176,1,176
1713,ORD_00712,20:27:48,23,7,176,1,176
1714,ORD_00712,20:27:48,30,2,176,1,176
1715,ORD_00713,19:59:22,6,9,176,0,176
1716,ORD_00714,22:55:38,4,3,117,1,117
1717,ORD_00714,22:55:38,21,7,117,1,117
1718,ORD_00715,12:02:18,10,8,117,1,117
1719,ORD_00715,12:02:18,26,3,117,1,117
1720,ORD_00715,12:02:18,9,2,117,1,117
1721,ORD_00716,20:56:26,30,6,117,0,117
1722,ORD_00716,20:56:26,15,2,117,0,117
1723,ORD_00717,10:52:19,4,5,117,1,117
1724,ORD_00718,21:06:34,37,3,96,1,96
1725,ORD_00720,13:45:43,14,10,163,0,163
1726,ORD_00721,18:56:30,36,3,26,1,26
1727,ORD_00721,18:56:30,14,6,26,1,26
1728,ORD_00722,12:46:00,4,10,26,1,26
1729,ORD_00722,12:46:00,17,4,26,1,26
1730,ORD_00723,20:02:52,21,6,26,0,26
1731,ORD_00724,10:39:48,23,1,262,1,262
1732,ORD_00724,10:39:48,25,2,262,1,262
1733,ORD_00724,10:39:48,5,8,262,1,262
1734,ORD_00724,10:39:48,19,4,262,1,262
1735,ORD_00724,10:39:48,14,1,262,1,262
1736,ORD_00724,10:39:48,7,7,262,1,262
1737,ORD_00725,19:35:19,4,6,262,1,262
1738,ORD_00725,19:35:19,2,2,262,1,262
1739,ORD_00726,22:12:09,23,3,262,0,262
1740,ORD_00726,22:12:09,11,10,262,0,262
1741,ORD_00726,22:12:09,8,6,262,0,262
1742,ORD_00727,20:26:08,12,6,262,1,262
1743,ORD_00727,20:26:08,11,10,262,1,262
1744,ORD_00727,20:26:08,10,5,262,1,262
1745,ORD_00727,20:26:08,6,7,262,1,262
1746,ORD_00728,20:48:57,36,1,262,1,262
1747,ORD_00728,20:48:57,28,10,262,1,262
1748,ORD_00728,20:48:57,20,4,262,1,262
1749,ORD_00729,19:04:19,37,3,262,0,262
1750,ORD_00730,11:45:27,35,9,66,0,66
1751,ORD_00730,11:45:27,1,1,66,0,66
1752,ORD_00731,13:08:38,20,9,66,1,66
1753,ORD_00731,13:08:38,17,7,66,1,66
1754,ORD_00732,10:36:22,1,2,66,1,66
1755,ORD_00732,10:36:22,21,3,66,1,66
1756,ORD_00734,19:46:28,36,5,66,1,66
1757,ORD_00734,19:46:28,17,6,66,1,66
1758,ORD_00734,19:46:28,18,1,66,1,66
1759,ORD_00734,19:46:28,35,7,66,1,66
1760,ORD_00735,18:48:34,26,2,66,1,66
1761,ORD_00735,18:48:34,16,5,66,1,66
1762,ORD_00736,20:55:34,21,7,66,0,66
1763,ORD_00737,20:16:08,29,7,285,1,285
1764,ORD_00737,20:16:08,37,3,285,1,285
1765,ORD_00737,20:16:08,9,4,285,1,285
1766,ORD_00738,11:53:03,17,10,285,1,285
1767,ORD_00739,19:09:53,1,3,150,0,150
1768,ORD_00739,19:09:53,33,3,150,0,150
1769,ORD_00739,19:09:53,1,5,150,0,150
1770,ORD_00740,12:04:48,36,7,150,0,150
1771,ORD_00740,12:04:48,24,2,150,0,150
1772,ORD_00741,19:20:42,22,6,150,1,150
1773,ORD_00741,19:20:42,4,1,150,1,150
1774,ORD_00741,19:20:42,12,4,150,1,150
1775,ORD_00741,19:20:42,37,2,150,1,150
1776,ORD_00743,13:16:33,7,6,150,0,150
1777,ORD_00743,13:16:33,6,5,150,0,150
1778,ORD_00743,13:16:33,1,4,150,0,150
1779,ORD_00744,20:18:03,8,5,150,1,150
1780,ORD_00744,20:18:03,33,5,150,1,150
1781,ORD_00745,21:19:55,14,6,150,1,150
1782,ORD_00745,21:19:55,12,4,150,1,150
1783,ORD_00746,12:02:59,35,7,150,0,150
1784,ORD_00746,12:02:59,14,3,150,0,150
1785,ORD_00746,12:02:59,36,6,150,0,150
1786,ORD_00747,13:04:10,10,4,150,1,150
1787,ORD_00747,13:04:10,12,7,150,1,150
1788,ORD_00747,13:04:10,34,1,150,1,150
1789,ORD_00748,21:52:51,6,3,150,1,150
1790,ORD_00748,21:52:51,3,7,150,1,150
1791,ORD_00748,21:52:51,19,6,150,1,150
1792,ORD_00748,21:52:51,18,2,150,1,150
1793,ORD_00749,12:39:55,16,8,150,0,150
1794,ORD_00749,12:39:55,6,7,150,0,150
1795,ORD_00749,12:39:55,31,3,150,0,150
1796,ORD_00749,12:39:55,2,5,150,0,150
1797,ORD_00749,12:39:55,27,7,150,0,150
1798,ORD_00750,12:26:01,3,4,150,0,150
1799,ORD_00750,12:26:01,34,5,150,0,150
1800,ORD_00750,12:26:01,17,7,150,0,150
1801,ORD_00751,21:18:15,22,2,150,1,150
1802,ORD_00751,21:18:15,7,5,150,1,150
1803,ORD_00753,21:07:36,22,8,150,0,150
1804,ORD_00754,12:32:00,16,5,220,1,220
1805,ORD_00754,12:32:00,30,5,220,1,220
1806,ORD_00756,13:22:56,13,2,220,0,220
1807,ORD_00757,22:05:12,19,3,126,1,126
1808,ORD_00757,22:05:12,4,8,126,1,126
1809,ORD_00757,22:05:12,18,9,126,1,126
1810,ORD_00757,22:05:12,9,8,126,1,126
1811,ORD_00757,22:05:12,21,4,126,1,126
1812,ORD_00757,22:05:12,6,5,126,1,126
1813,ORD_00758,20:21:35,13,2,126,1,126
1814,ORD_00758,20:21:35,3,3,126,1,126
1815,ORD_00758,20:21:35,18,1,126,1,126
1816,ORD_00759,21:31:05,7,4,126,0,126
1817,ORD_00759,21:31:05,29,7,126,0,126
1818,ORD_00759,21:31:05,17,7,126,0,126
1819,ORD_00761,20:18:23,31,5,126,1,126
1820,ORD_00761,20:18:23,29,10,126,1,126
1821,ORD_00761,20:18:23,14,6,126,1,126
1822,ORD_00762,13:52:56,6,7,126,1,126
1823,ORD_00762,13:52:56,11,7,126,1,126
1824,ORD_00763,22:11:24,23,1,126,0,126
1825,ORD_00763,22:11:24,5,5,126,0,126
1826,ORD_00764,21:31:37,7,4,126,1,126
1827,ORD_00764,21:31:37,28,2,126,1,126
1828,ORD_00764,21:31:37,26,10,126,1,126
1829,ORD_00764,21:31:37,10,3,126,1,126
1830,ORD_00764,21:31:37,2,3,126,1,126
1831,ORD_00764,21:31:37,30,8,126,1,126
1832,ORD_00766,11:20:24,10,7,126,0,126
1833,ORD_00766,11:20:24,13,7,126,0,126
1834,ORD_00767,10:39:15,28,10,126,1,126
1835,ORD_00769,20:23:55,17,9,71,0,71
1836,ORD_00769,20:23:55,4,2,71,0,71
1837,ORD_00769,20:23:55,25,1,71,0,71
1838,ORD_00770,22:30:58,4,4,71,0,71
1839,ORD_00770,22:30:58,29,1,71,0,71
1840,ORD_00771,11:16:22,36,9,71,1,71
1841,ORD_00771,11:16:22,25,8,71,1,71
1842,ORD_00771,11:16:22,22,6,71,1,71
1843,ORD_00771,11:16:22,2,6,71,1,71
1844,ORD_00771,11:16:22,2,4,71,1,71
1845,ORD_00772,13:24:04,20,8,71,1,71
1846,ORD_00772,13:24:04,29,2,71,1,71
1847,ORD_00772,13:24:04,31,2,71,1,71
1848,ORD_00772,13:24:04,12,9,71,1,71
1849,ORD_00773,20:52:00,17,10,71,0,71
1850,ORD_00773,20:52:00,6,10,71,0,71
1851,ORD_00774,12:33:54,24,5,71,1,71
1852,ORD_00774,12:33:54,5,8,71,1,71
1853,ORD_00774,12:33:54,18,4,71,1,71
1854,ORD_00776,19:38:49,18,1,71,0,71
1855,ORD_00777,12:35:03,7,4,34,1,34
1856,ORD_00777,12:35:03,32,6,34,1,34
1857,ORD_00777,12:35:03,29,9,34,1,34
1858,ORD_00778,12:34:56,4,6,34,1,34
1859,ORD_00779,19:44:29,14,6,147,0,147
1860,ORD_00779,19:44:29,29,10,147,0,147
1861,ORD_00780,21:54:57,16,9,147,0,147
1862,ORD_00780,21:54:57,32,3,147,0,147
1863,ORD_00780,21:54:57,35,5,147,0,147
1864,ORD_00781,19:13:33,2,10,147,1,147
1865,ORD_00781,19:13:33,1,8,147,1,147
1866,ORD_00781,19:13:33,4,3,147,1,147
1867,ORD_00781,19:13:33,24,2,147,1,147
1868,ORD_00781,19:13:33,28,5,147,1,147
1869,ORD_00781,19:13:33,19,6,147,1,147
1870,ORD_00782,11:57:35,6,2,147,1,147
1871,ORD_00783,22:11:54,20,5,94,0,94
1872,ORD_00785,13:59:14,10,10,60,1,60
1873,ORD_00785,13:59:14,35,6,60,1,60
1874,ORD_00785,13:59:14,8,9,60,1,60
1875,ORD_00785,13:59:14,17,4,60,1,60
1876,ORD_00786,18:45:20,12,2,60,0,60
1877,ORD_00787,22:36:26,26,9,233,1,233
1878,ORD_00787,22:36:26,7,4,233,1,233
1879,ORD_00787,22:36:26,34,10,233,1,233
1880,ORD_00787,22:36:26,33,5,233,1,233
1881,ORD_00787,22:36:26,20,1,233,1,233
1882,ORD_00788,20:08:25,35,9,233,1,233
1883,ORD_00790,22:19:24,9,1,192,0,192
1884,ORD_00790,22:19:24,37,7,192,0,192
1885,ORD_00790,22:19:24,35,6,192,0,192
1886,ORD_00791,19:13:14,5,8,192,1,192
1887,ORD_00792,11:11:48,30,8,188,1,188
1888,ORD_00793,12:24:16,27,6,103,0,103
1889,ORD_00793,12:24:16,30,3,103,0,103
1890,ORD_00794,19:55:03,30,6,103,1,103
1891,ORD_00794,19:55:03,25,4,103,1,103
1892,ORD_00794,19:55:03,12,4,103,1,103
1893,ORD_00795,22:35:07,11,8,103,1,103
1894,ORD_00795,22:35:07,35,6,103,1,103
1895,ORD_00796,19:33:50,10,8,103,0,103
1896,ORD_00796,19:33:50,35,1,103,0,103
1897,ORD_00797,22:32:32,26,6,103,1,103
1898,ORD_00797,22:32:32,9,1,103,1,103
1899,ORD_00797,22:32:32,23,7,103,1,103
1900,ORD_00798,20:23:46,24,5,103,1,103
1901,ORD_00799,20:29:53,33,7,65,0,65
1902,ORD_00799,20:29:53,27,5,65,0,65
1903,ORD_00799,20:29:53,25,3,65,0,65
1904,ORD_00799,20:29:53,3,7,65,0,65
1905,ORD_00800,11:02:20,20,1,65,0,65
1906,ORD_00800,11:02:20,32,7,65,0,65
1907,ORD_00801,13:26:00,5,2,65,1,65
1908,ORD_00801,13:26:00,36,4,65,1,65
1909,ORD_00801,13:26:00,31,6,65,1,65
1910,ORD_00801,13:26:00,20,1,65,1,65
1911,ORD_00801,13:26:00,15,3,65,1,65
1912,ORD_00802,11:38:26,6,8,65,1,65
1913,ORD_00802,11:38:26,4,10,65,1,65
1914,ORD_00803,11:26:44,1,5,65,0,65
1915,ORD_00803,11:26:44,12,8,65,0,65
1916,ORD_00803,11:26:44,3,6,65,0,65
1917,ORD_00804,10:57:44,13,6,65,1,65
1918,ORD_00804,10:57:44,30,6,65,1,65
1919,ORD_00805,21:48:24,1,4,65,1,65
1920,ORD_00805,21:48:24,26,5,65,1,65
1921,ORD_00805,21:48:24,3,7,65,1,65
1922,ORD_00806,20:21:42,36,2,65,0,65
1923,ORD_00807,12:01:06,34,7,191,1,191
1924,ORD_00808,12:33:11,5,8,47,1,47
1925,ORD_00808,12:33:11,21,6,47,1,47
1926,ORD_00809,11:39:27,30,7,47,0,47
1927,ORD_00810,10:55:32,6,7,37,0,37
1928,ORD_00811,12:03:31,24,6,263,1,263
1929,ORD_00812,22:23:36,21,6,132,1,132
1930,ORD_00812,22:23:36,7,7,132,1,132
1931,ORD_00813,11:57:30,16,2,132,0,132
1932,ORD_00814,11:10:59,25,1,51,1,51
1933,ORD_00814,11:10:59,33,4,51,1,51
1934,ORD_00814,11:10:59,37,10,51,1,51
1935,ORD_00815,18:56:29,30,10,51,1,51
1936,ORD_00817,19:08:53,30,6,94,1,94
1937,ORD_00818,12:34:18,14,2,253,1,253
1938,ORD_00818,12:34:18,7,7,253,1,253
1939,ORD_00819,10:41:45,23,1,253,0,253
1940,ORD_00819,10:41:45,20,8,253,0,253
1941,ORD_00819,10:41:45,28,10,253,0,253
1942,ORD_00820,19:05:32,7,8,253,0,253
1943,ORD_00820,19:05:32,20,9,253,0,253
1944,ORD_00820,19:05:32,27,3,253,0,253
1945,ORD_00820,19:05:32,5,10,253,0,253
1946,ORD_00821,11:38:56,27,7,253,1,253
1947,ORD_00821,11:38:56,30,8,253,1,253
1948,ORD_00822,18:34:18,28,10,253,1,253
1949,ORD_00822,18:34:18,24,6,253,1,253
1950,ORD_00822,18:34:18,16,3,253,1,253
1951,ORD_00822,18:34:18,25,6,253,1,253
1952,ORD_00822,18:34:18,6,1,253,1,253
1953,ORD_00823,19:20:28,30,4,253,0,253
1954,ORD_00824,12:07:17,29,3,154,1,154
1955,ORD_00826,20:07:48,10,7,81,0,81
1956,ORD_00826,20:07:48,26,6,81,0,81
1957,ORD_00826,20:07:48,22,8,81,0,81
1958,ORD_00826,20:07:48,25,3,81,0,81
1959,ORD_00826,20:07:48,16,2,81,0,81
1960,ORD_00826,20:07:48,19,5,81,0,81
1961,ORD_00827,21:41:56,34,6,81,1,81
1962,ORD_00827,21:41:56,30,9,81,1,81
1963,ORD_00828,13:40:37,25,3,81,1,81
1964,ORD_00828,13:40:37,22,9,81,1,81
1965,ORD_00828,13:40:37,37,1,81,1,81
1966,ORD_00828,13:40:37,4,2,81,1,81
1967,ORD_00828,13:40:37,14,5,81,1,81
1968,ORD_00829,10:33:22,30,8,81,0,81
1969,ORD_00830,13:52:11,30,2,168,0,168
1970,ORD_00830,13:52:11,20,10,168,0,168
1971,ORD_00830,13:52:11,16,7,168,0,168
1972,ORD_00830,13:52:11,31,3,168,0,168
1973,ORD_00830,13:52:11,22,7,168,0,168
1974,ORD_00830,13:52:11,14,7,168,0,168
1975,ORD_00831,13:14:23,36,2,168,1,168
1976,ORD_00831,13:14:23,19,10,168,1,168
1977,ORD_00831,13:14:23,18,9,168,1,168
1978,ORD_00832,21:12:51,8,10,168,1,168
1979,ORD_00832,21:12:51,31,2,168,1,168
1980,ORD_00833,22:48:15,20,9,168,0,168
1981,ORD_00833,22:48:15,7,8,168,0,168
1982,ORD_00833,22:48:15,27,5,168,0,168
1983,ORD_00834,11:36:01,25,7,168,1,168
1984,ORD_00834,11:36:01,13,1,168,1,168
1985,ORD_00835,13:51:42,2,10,168,1,168
1986,ORD_00835,13:51:42,1,6,168,1,168
1987,ORD_00836,21:51:57,24,7,168,0,168
1988,ORD_00837,11:49:04,27,9,210,1,210
1989,ORD_00837,11:49:04,20,5,210,1,210
1990,ORD_00837,11:49:04,30,4,210,1,210
1991,ORD_00837,11:49:04,8,6,210,1,210
1992,ORD_00838,19:55:50,24,7,210,1,210
1993,ORD_00838,19:55:50,17,7,210,1,210
1994,ORD_00838,19:55:50,6,3,210,1,210
1995,ORD_00839,10:46:50,9,5,210,0,210
1996,ORD_00839,10:46:50,33,1,210,0,210
1997,ORD_00840,20:40:17,26,3,210,0,210
1998,ORD_00840,20:40:17,8,3,210,0,210
1999,ORD_00842,13:49:37,21,2,210,1,210
2000,ORD_00843,12:59:17,30,4,231,0,231
2001,ORD_00843,12:59:17,9,4,231,0,231
2002,ORD_00844,12:43:56,20,3,231,1,231
2003,ORD_00844,12:43:56,20,5,231,1,231
2004,ORD_00846,22:14:00,24,2,231,0,231
2005,ORD_00847,22:51:12,23,7,130,1,130
2006,ORD_00848,10:38:17,37,2,296,1,296
2007,ORD_00848,10:38:17,16,4,296,1,296
2008,ORD_00848,10:38:17,25,7,296,1,296
2009,ORD_00850,13:11:50,28,5,296,0,296
2010,ORD_00850,13:11:50,31,7,296,0,296
2011,ORD_00851,12:28:38,29,5,296,1,296
2012,ORD_00851,12:28:38,5,5,296,1,296
2013,ORD_00851,12:28:38,24,6,296,1,296
2014,ORD_00853,11:43:56,15,5,296,0,296
2015,ORD_00854,19:24:10,12,3,72,1,72
2016,ORD_00854,19:24:10,36,6,72,1,72
2017,ORD_00854,19:24:10,29,1,72,1,72
2018,ORD_00854,19:24:10,16,1,72,1,72
2019,ORD_00854,19:24:10,22,6,72,1,72
2020,ORD_00854,19:24:10,35,6,72,1,72
2021,ORD_00854,19:24:10,13,5,72,1,72
2022,ORD_00854,19:24:10,21,6,72,1,72
2023,ORD_00854,19:24:10,36,6,72,1,72
2024,ORD_00855,12:10:47,25,8,72,1,72
2025,ORD_00855,12:10:47,12,6,72,1,72
2026,ORD_00856,12:04:41,23,8,72,0,72
2027,ORD_00856,12:04:41,14,6,72,0,72
2028,ORD_00857,12:31:39,3,9,72,1,72
2029,ORD_00858,22:01:22,15,10,155,1,155
2030,ORD_00858,22:01:22,28,8,155,1,155
2031,ORD_00859,12:56:04,25,9,155,0,155
2032,ORD_00859,12:56:04,14,2,155,0,155
2033,ORD_00860,19:41:52,32,6,155,0,155
2034,ORD_00861,22:41:51,1,4,219,1,219
2035,ORD_00861,22:41:51,23,9,219,1,219
2036,ORD_00861,22:41:51,21,4,219,1,219
2037,ORD_00861,22:41:51,32,7,219,1,219
2038,ORD_00861,22:41:51,15,9,219,1,219
2039,ORD_00861,22:41:51,22,7,219,1,219
2040,ORD_00861,22:41:51,36,7,219,1,219
2041,ORD_00861,22:41:51,23,3,219,1,219
2042,ORD_00861,22:41:51,6,7,219,1,219
2043,ORD_00862,13:32:11,23,5,219,1,219
2044,ORD_00862,13:32:11,17,9,219,1,219
2045,ORD_00862,13:32:11,14,9,219,1,219
2046,ORD_00862,13:32:11,10,3,219,1,219
2047,ORD_00863,11:25:34,22,7,219,0,219
2048,ORD_00864,22:51:27,10,1,237,1,237
2049,ORD_00864,22:51:27,17,4,237,1,237
2050,ORD_00865,10:46:03,16,2,237,1,237
2051,ORD_00865,10:46:03,7,3,237,1,237
2052,ORD_00865,10:46:03,30,4,237,1,237
2053,ORD_00866,19:05:43,29,4,237,0,237
2054,ORD_00867,21:55:20,36,1,196,1,196
2055,ORD_00867,21:55:20,20,4,196,1,196
2056,ORD_00868,22:56:44,32,7,196,1,196
2057,ORD_00868,22:56:44,24,7,196,1,196
2058,ORD_00868,22:56:44,26,4,196,1,196
2059,ORD_00869,20:44:28,8,10,196,0,196
2060,ORD_00869,20:44:28,22,8,196,0,196
2061,ORD_00869,20:44:28,5,2,196,0,196
2062,ORD_00870,20:46:49,18,5,196,0,196
2063,ORD_00870,20:46:49,11,3,196,0,196
2064,ORD_00871,18:43:32,36,3,196,1,196
2065,ORD_00872,21:20:33,5,2,255,1,255
2066,ORD_00874,19:22:26,23,2,294,1,294
2067,ORD_00875,13:32:47,11,8,36,1,36
2068,ORD_00875,13:32:47,5,3,36,1,36
2069,ORD_00875,13:32:47,37,7,36,1,36
2070,ORD_00875,13:32:47,21,7,36,1,36
2071,ORD_00875,13:32:47,19,7,36,1,36
2072,ORD_00876,19:06:50,36,5,36,0,36
2073,ORD_00876,19:06:50,27,2,36,0,36
2074,ORD_00876,19:06:50,2,4,36,0,36
2075,ORD_00876,19:06:50,19,6,36,0,36
2076,ORD_00877,19:31:56,11,2,36,1,36
2077,ORD_00877,19:31:56,10,1,36,1,36
2078,ORD_00877,19:31:56,6,5,36,1,36
2079,ORD_00878,12:05:57,28,3,36,1,36
2080,ORD_00878,12:05:57,28,9,36,1,36
2081,ORD_00878,12:05:57,2,10,36,1,36
2082,ORD_00878,12:05:57,21,2,36,1,36
2083,ORD_00879,11:26:25,1,1,36,0,36
2084,ORD_00879,11:26:25,3,7,36,0,36
2085,ORD_00879,11:26:25,28,2,36,0,36
2086,ORD_00879,11:26:25,13,6,36,0,36
2087,ORD_00879,11:26:25,4,5,36,0,36
2088,ORD_00880,20:27:35,16,3,36,0,36
2089,ORD_00881,13:57:18,27,1,111,1,111
2090,ORD_00881,13:57:18,25,1,111,1,111
2091,ORD_00881,13:57:18,16,6,111,1,111
2092,ORD_00881,13:57:18,13,7,111,1,111
2093,ORD_00882,13:16:43,29,7,111,1,111
2094,ORD_00882,13:16:43,4,3,111,1,111
2095,ORD_00884,11:18:02,36,2,111,1,111
2096,ORD_00884,11:18:02,18,4,111,1,111
2097,ORD_00884,11:18:02,35,6,111,1,111
2098,ORD_00885,19:58:32,22,3,111,1,111
2099,ORD_00885,19:58:32,24,4,111,1,111
2100,ORD_00886,13:05:17,28,8,111,0,111
2101,ORD_00886,13:05:17,10,4,111,0,111
2102,ORD_00886,13:05:17,1,1,111,0,111
2103,ORD_00886,13:05:17,33,3,111,0,111
2104,ORD_00886,13:05:17,23,3,111,0,111
2105,ORD_00888,20:34:51,33,7,111,1,111
2106,ORD_00889,10:41:55,3,5,251,0,251
2107,ORD_00889,10:41:55,26,5,251,0,251
2108,ORD_00889,10:41:55,26,7,251,0,251
2109,ORD_00889,10:41:55,5,5,251,0,251
2110,ORD_00889,10:41:55,14,3,251,0,251
2111,ORD_00890,11:32:07,4,3,251,0,251
2112,ORD_00890,11:32:07,3,6,251,0,251
2113,ORD_00890,11:32:07,11,6,251,0,251
2114,ORD_00891,13:20:41,2,8,251,1,251
2115,ORD_00891,13:20:41,6,4,251,1,251
2116,ORD_00892,20:43:40,6,10,251,1,251
2117,ORD_00892,20:43:40,4,5,251,1,251
2118,ORD_00892,20:43:40,9,1,251,1,251
2119,ORD_00893,12:35:19,17,1,251,0,251
2120,ORD_00893,12:35:19,8,2,251,0,251
2121,ORD_00895,22:11:28,20,10,251,1,251
2122,ORD_00895,22:11:28,7,2,251,1,251
2123,ORD_00896,12:09:45,16,6,251,0,251
2124,ORD_00896,12:09:45,5,5,251,0,251
2125,ORD_00896,12:09:45,10,4,251,0,251
2126,ORD_00896,12:09:45,13,4,251,0,251
2127,ORD_00897,20:22:35,14,1,251,1,251
2128,ORD_00897,20:22:35,34,1,251,1,251
2129,ORD_00897,20:22:35,24,1,251,1,251
2130,ORD_00897,20:22:35,5,8,251,1,251
2131,ORD_00898,10:43:49,28,10,251,1,251
2132,ORD_00898,10:43:49,4,2,251,1,251
2133,ORD_00899,22:17:31,17,7,251,0,251
2134,ORD_00899,22:17:31,24,10,251,0,251
2135,ORD_00899,22:17:31,14,2,251,0,251
2136,ORD_00900,11:18:09,33,1,251,0,251
2137,ORD_00900,11:18:09,6,1,251,0,251
2138,ORD_00901,19:58:01,29,6,251,1,251
2139,ORD_00901,19:58:01,1,6,251,1,251
2140,ORD_00902,19:21:06,18,2,251,1,251
2141,ORD_00902,19:21:06,21,5,251,1,251
2142,ORD_00902,19:21:06,23,4,251,1,251
2143,ORD_00902,19:21:06,19,1,251,1,251
2144,ORD_00902,19:21:06,12,6,251,1,251
2145,ORD_00902,19:21:06,36,7,251,1,251
2146,ORD_00903,21:45:43,4,6,251,0,251
2147,ORD_00903,21:45:43,4,5,251,0,251
2148,ORD_00903,21:45:43,28,10,251,0,251
2149,ORD_00904,21:15:24,25,4,251,1,251
2150,ORD_00904,21:15:24,9,6,251,1,251
2151,ORD_00905,22:24:55,25,4,251,1,251
2152,ORD_00905,22:24:55,16,2,251,1,251
2153,ORD_00906,13:12:48,24,2,251,0,251
2154,ORD_00906,13:12:48,9,7,251,0,251
2155,ORD_00907,10:59:23,30,2,251,1,251
2156,ORD_00907,10:59:23,35,9,251,1,251
2157,ORD_00907,10:59:23,15,10,251,1,251
2158,ORD_00907,10:59:23,19,5,251,1,251
2159,ORD_00908,20:02:31,36,2,251,1,251
2160,ORD_00909,19:46:19,8,9,27,0,27
2161,ORD_00909,19:46:19,32,10,27,0,27
2162,ORD_00910,10:54:25,7,9,27,0,27
2163,ORD_00910,10:54:25,26,2,27,0,27
2164,ORD_00910,10:54:25,2,7,27,0,27
2165,ORD_00911,19:52:19,17,10,27,1,27
2166,ORD_00911,19:52:19,17,4,27,1,27
2167,ORD_00912,10:58:37,7,2,27,1,27
2168,ORD_00912,10:58:37,25,4,27,1,27
2169,ORD_00912,10:58:37,11,7,27,1,27
2170,ORD_00912,10:58:37,21,10,27,1,27
2171,ORD_00912,10:58:37,10,2,27,1,27
2172,ORD_00913,12:32:43,34,3,27,0,27
2173,ORD_00913,12:32:43,9,2,27,0,27
2174,ORD_00913,12:32:43,1,4,27,0,27
2175,ORD_00913,12:32:43,10,6,27,0,27
2176,ORD_00914,11:26:33,12,8,27,1,27
2177,ORD_00914,11:26:33,2,6,27,1,27
2178,ORD_00914,11:26:33,12,2,27,1,27
2179,ORD_00914,11:26:33,34,1,27,1,27
2180,ORD_00915,13:54:22,13,8,27,1,27
2181,ORD_00915,13:54:22,23,1,27,1,27
2182,ORD_00916,20:00:03,29,6,27,0,27
2183,ORD_00916,20:00:03,11,6,27,0,27
2184,ORD_00916,20:00:03,19,6,27,0,27
2185,ORD_00918,20:34:36,24,8,27,1,27
2186,ORD_00919,19:19:40,8,5,286,0,286
2187,ORD_00919,19:19:40,27,6,286,0,286
2188,ORD_00919,19:19:40,7,10,286,0,286
2189,ORD_00919,19:19:40,19,5,286,0,286
2190,ORD_00919,19:19:40,35,7,286,0,286
2191,ORD_00920,19:06:41,10,6,286,0,286
2192,ORD_00921,12:43:02,6,4,227,1,227
2193,ORD_00921,12:43:02,28,2,227,1,227
2194,ORD_00921,12:43:02,13,5,227,1,227
2195,ORD_00923,22:01:28,37,5,227,0,227
2196,ORD_00924,12:24:13,2,4,287,1,287
2197,ORD_00924,12:24:13,9,6,287,1,287
2198,ORD_00925,11:57:54,37,5,287,1,287
2199,ORD_00925,11:57:54,35,6,287,1,287
2200,ORD_00926,10:49:49,34,6,287,0,287
2201,ORD_00926,10:49:49,5,5,287,0,287
2202,ORD_00926,10:49:49,10,5,287,0,287
2203,ORD_00926,10:49:49,10,5,287,0,287
2204,ORD_00927,19:39:38,33,5,287,1,287
2205,ORD_00927,19:39:38,6,3,287,1,287
2206,ORD_00927,19:39:38,21,7,287,1,287
2207,ORD_00928,12:14:25,10,1,287,1,287
2208,ORD_00928,12:14:25,36,6,287,1,287
2209,ORD_00929,11:44:54,13,4,287,0,287
2210,ORD_00929,11:44:54,19,1,287,0,287
2211,ORD_00930,13:10:56,21,4,287,0,287
2212,ORD_00930,13:10:56,8,7,287,0,287
2213,ORD_00930,13:10:56,13,3,287,0,287
2214,ORD_00930,13:10:56,15,5,287,0,287
2215,ORD_00931,19:07:50,6,7,287,1,287
2216,ORD_00931,19:07:50,28,6,287,1,287
2217,ORD_00931,19:07:50,3,7,287,1,287
2218,ORD_00931,19:07:50,5,10,287,1,287
2219,ORD_00932,22:24:00,1,3,287,1,287
2220,ORD_00932,22:24:00,7,2,287,1,287
2221,ORD_00933,11:35:43,17,5,287,0,287
2222,ORD_00933,11:35:43,1,4,287,0,287
2223,ORD_00934,11:10:05,4,6,287,1,287
2224,ORD_00934,11:10:05,32,1,287,1,287
2225,ORD_00935,13:43:16,26,6,287,1,287
2226,ORD_00935,13:43:16,28,3,287,1,287
2227,ORD_00935,13:43:16,28,1,287,1,287
2228,ORD_00935,13:43:16,4,5,287,1,287
2229,ORD_00935,13:43:16,32,6,287,1,287
2230,ORD_00936,18:57:55,27,3,287,0,287
2231,ORD_00936,18:57:55,37,3,287,0,287
2232,ORD_00939,21:13:05,29,8,287,0,287
2233,ORD_00939,21:13:05,19,6,287,0,287
2234,ORD_00939,21:13:05,32,10,287,0,287
2235,ORD_00940,12:29:42,22,6,287,0,287
2236,ORD_00940,12:29:42,22,9,287,0,287
2237,ORD_00940,12:29:42,19,3,287,0,287
2238,ORD_00940,12:29:42,13,4,287,0,287
2239,ORD_00941,11:46:52,14,3,287,1,287
2240,ORD_00941,11:46:52,1,4,287,1,287
2241,ORD_00941,11:46:52,7,1,287,1,287
2242,ORD_00942,13:29:41,1,10,287,1,287
2243,ORD_00942,13:29:41,12,5,287,1,287
2244,ORD_00943,18:59:56,25,5,287,0,287
2245,ORD_00944,11:10:07,15,6,43,1,43
2246,ORD_00945,20:08:35,32,6,146,1,146
2247,ORD_00945,20:08:35,33,5,146,1,146
2248,ORD_00945,20:08:35,12,3,146,1,146
2249,ORD_00945,20:08:35,24,6,146,1,146
2250,ORD_00946,20:31:54,3,3,146,0,146
2251,ORD_00946,20:31:54,29,8,146,0,146
2252,ORD_00947,22:45:43,20,5,146,1,146
2253,ORD_00948,19:54:13,36,8,268,1,268
2254,ORD_00949,10:35:42,29,9,13,0,13
2255,ORD_00949,10:35:42,36,4,13,0,13
2256,ORD_00950,21:52:02,16,6,13,0,13
2257,ORD_00950,21:52:02,4,9,13,0,13
2258,ORD_00950,21:52:02,14,2,13,0,13
2259,ORD_00951,13:29:41,1,6,13,1,13
2260,ORD_00951,13:29:41,18,5,13,1,13
2261,ORD_00951,13:29:41,25,2,13,1,13
2262,ORD_00951,13:29:41,10,5,13,1,13
2263,ORD_00952,18:57:23,3,7,13,1,13
2264,ORD_00952,18:57:23,9,3,13,1,13
2265,ORD_00953,22:30:19,37,3,13,0,13
2266,ORD_00954,22:53:52,7,6,52,1,52
2267,ORD_00954,22:53:52,25,4,52,1,52
2268,ORD_00954,22:53:52,24,10,52,1,52
2269,ORD_00955,18:42:43,17,10,52,1,52
2270,ORD_00955,18:42:43,23,9,52,1,52
2271,ORD_00955,18:42:43,34,3,52,1,52
2272,ORD_00956,11:59:01,13,9,52,0,52
2273,ORD_00956,11:59:01,32,6,52,0,52
2274,ORD_00956,11:59:01,8,3,52,0,52
2275,ORD_00956,11:59:01,12,3,52,0,52
2276,ORD_00957,12:29:19,35,7,52,1,52
2277,ORD_00958,10:49:53,2,1,100,1,100
2278,ORD_00959,10:43:43,11,5,54,0,54
2279,ORD_00959,10:43:43,15,2,54,0,54
2280,ORD_00959,10:43:43,32,3,54,0,54
2281,ORD_00960,10:42:58,9,3,54,0,54
2282,ORD_00960,10:42:58,33,1,54,0,54
2283,ORD_00960,10:42:58,10,1,54,0,54
2284,ORD_00961,21:41:15,21,6,54,1,54
2285,ORD_00961,21:41:15,22,7,54,1,54
2286,ORD_00961,21:41:15,11,6,54,1,54
2287,ORD_00962,20:31:54,22,7,54,1,54
2288,ORD_00963,13:26:39,29,9,20,0,20
2289,ORD_00965,22:21:53,31,5,121,1,121
2290,ORD_00965,22:21:53,37,3,121,1,121
2291,ORD_00965,22:21:53,30,9,121,1,121
2292,ORD_00965,22:21:53,7,7,121,1,121
2293,ORD_00965,22:21:53,16,5,121,1,121
2294,ORD_00965,22:21:53,33,1,121,1,121
2295,ORD_00966,20:57:48,12,5,121,0,121
2296,ORD_00966,20:57:48,6,1,121,0,121
2297,ORD_00967,21:53:53,24,9,121,1,121
2298,ORD_00967,21:53:53,13,1,121,1,121
2299,ORD_00967,21:53:53,20,6,121,1,121
2300,ORD_00967,21:53:53,26,5,121,1,121
2301,ORD_00968,12:00:45,5,8,121,1,121
2302,ORD_00968,12:00:45,14,5,121,1,121
2303,ORD_00968,12:00:45,7,5,121,1,121
2304,ORD_00968,12:00:45,17,8,121,1,121
2305,ORD_00968,12:00:45,13,5,121,1,121
2306,ORD_00968,12:00:45,11,3,121,1,121
2307,ORD_00969,18:35:14,24,1,121,0,121
2308,ORD_00970,21:05:05,4,1,59,0,59
2309,ORD_00971,12:22:16,18,4,32,1,32
2310,ORD_00972,10:44:27,36,8,146,1,146
2311,ORD_00972,10:44:27,24,1,146,1,146
2312,ORD_00973,19:10:51,36,4,146,0,146
2313,ORD_00974,12:13:54,21,4,206,1,206
2314,ORD_00975,12:34:59,27,2,193,1,193
2315,ORD_00975,12:34:59,12,9,193,1,193
2316,ORD_00975,12:34:59,34,1,193,1,193
2317,ORD_00976,11:02:47,13,1,193,0,193
2318,ORD_00976,11:02:47,33,8,193,0,193
2319,ORD_00976,11:02:47,31,1,193,0,193
2320,ORD_00977,11:46:13,34,9,193,1,193
2321,ORD_00977,11:46:13,14,3,193,1,193
2322,ORD_00977,11:46:13,17,1,193,1,193
2323,ORD_00977,11:46:13,11,1,193,1,193
2324,ORD_00977,11:46:13,2,2,193,1,193
2325,ORD_00978,12:38:16,16,4,193,1,193
2326,ORD_00979,21:20:41,3,6,250,0,250
2327,ORD_00979,21:20:41,34,4,250,0,250
2328,ORD_00979,21:20:41,13,7,250,0,250
2329,ORD_00979,21:20:41,31,4,250,0,250
2330,ORD_00979,21:20:41,29,10,250,0,250
2331,ORD_00979,21:20:41,18,9,250,0,250
2332,ORD_00979,21:20:41,10,10,250,0,250
2333,ORD_00979,21:20:41,33,3,250,0,250
2334,ORD_00980,22:42:53,21,3,250,0,250
2335,ORD_00980,22:42:53,27,5,250,0,250
2336,ORD_00980,22:42:53,1,3,250,0,250
2337,ORD_00980,22:42:53,2,5,250,0,250
2338,ORD_00980,22:42:53,33,1,250,0,250
2339,ORD_00981,11:16:29,5,8,250,1,250
2340,ORD_00981,11:16:29,8,4,250,1,250
2341,ORD_00981,11:16:29,9,9,250,1,250
2342,ORD_00981,11:16:29,28,6,250,1,250
2343,ORD_00981,11:16:29,11,6,250,1,250
2344,ORD_00982,10:32:57,37,5,250,1,250
2345,ORD_00982,10:32:57,29,4,250,1,250
2346,ORD_00982,10:32:57,22,6,250,1,250
2347,ORD_00983,11:53:21,36,7,250,0,250
2348,ORD_00984,21:34:50,15,1,176,1,176
2349,ORD_00985,21:44:58,15,5,36,1,36
2350,ORD_00985,21:44:58,31,3,36,1,36
2351,ORD_00986,11:44:54,17,1,36,0,36
2352,ORD_00986,11:44:54,31,6,36,0,36
2353,ORD_00986,11:44:54,7,7,36,0,36
2354,ORD_00987,13:46:36,33,3,36,1,36
2355,ORD_00988,13:00:11,37,7,298,1,298
2356,ORD_00988,13:00:11,14,5,298,1,298
2357,ORD_00988,13:00:11,21,4,298,1,298
2358,ORD_00989,21:11:16,27,8,298,0,298
2359,ORD_00989,21:11:16,17,6,298,0,298
2360,ORD_00989,21:11:16,3,2,298,0,298
2361,ORD_00989,21:11:16,35,7,298,0,298
2362,ORD_00989,21:11:16,30,5,298,0,298
2363,ORD_00990,12:49:02,16,9,298,0,298
2364,ORD_00990,12:49:02,28,1,298,0,298
2365,ORD_00990,12:49:02,22,2,298,0,298
2366,ORD_00990,12:49:02,26,10,298,0,298
2367,ORD_00991,19:18:48,21,1,298,1,298
2368,ORD_00991,19:18:48,37,4,298,1,298
2369,ORD_00991,19:18:48,30,2,298,1,298
2370,ORD_00992,20:06:31,25,4,298,1,298
2371,ORD_00992,20:06:31,34,9,298,1,298
2372,ORD_00992,20:06:31,20,1,298,1,298
2373,ORD_00992,20:06:31,6,5,298,1,298
2374,ORD_00993,11:51:00,16,2,298,0,298
2375,ORD_00993,11:51:00,19,1,298,0,298
2376,ORD_00995,21:28:21,26,4,298,1,298
2377,ORD_00995,21:28:21,4,9,298,1,298
2378,ORD_00995,21:28:21,24,6,298,1,298
2379,ORD_00996,12:41:13,31,10,298,0,298
2380,ORD_00996,12:41:13,5,7,298,0,298
2381,ORD_00996,12:41:13,33,4,298,0,298
2382,ORD_00996,12:41:13,9,4,298,0,298
2383,ORD_00996,12:41:13,31,7,298,0,298
2384,ORD_00996,12:41:13,29,4,298,0,298
2385,ORD_00997,13:16:03,28,8,298,1,298
2386,ORD_00997,13:16:03,10,5,298,1,298
2387,ORD_00997,13:16:03,6,4,298,1,298
2388,ORD_00997,13:16:03,36,4,298,1,298
2389,ORD_00998,13:42:49,4,8,298,1,298
2390,ORD_00998,13:42:49,35,4,298,1,298
2391,ORD_00998,13:42:49,17,6,298,1,298
2392,ORD_00999,13:51:10,16,4,298,0,298
2393,ORD_00999,13:51:10,20,1,298,0,298
2394,ORD_00999,13:51:10,15,2,298,0,298
2395,ORD_00999,13:51:10,25,5,298,0,298
2396,ORD_01000,22:50:33,25,1,298,0,298
2397,ORD_01001,22:53:01,22,1,57,1,57
2398,ORD_01002,19:29:22,33,5,224,1,224
2399,ORD_01002,19:29:22,3,6,224,1,224
2400,ORD_01002,19:29:22,1,2,224,1,224
2401,ORD_01004,21:00:39,6,7,224,1,224
2402,ORD_01004,21:00:39,36,6,224,1,224
2403,ORD_01005,19:07:36,17,1,224,1,224
2404,ORD_01006,12:03:12,13,8,247,0,247
2405,ORD_01007,13:13:20,28,3,273,1,273
2406,ORD_01007,13:13:20,24,3,273,1,273
2407,ORD_01007,13:13:20,18,4,273,1,273
2408,ORD_01008,19:55:48,11,10,273,1,273
2409,ORD_01008,19:55:48,3,3,273,1,273
2410,ORD_01008,19:55:48,35,3,273,1,273
2411,ORD_01009,22:28:26,10,7,273,0,273
2412,ORD_01009,22:28:26,22,5,273,0,273
2413,ORD_01009,22:28:26,4,10,273,0,273
2414,ORD_01009,22:28:26,13,7,273,0,273
2415,ORD_01009,22:28:26,9,3,273,0,273
2416,ORD_01009,22:28:26,16,4,273,0,273
2417,ORD_01010,20:25:21,10,9,273,0,273
2418,ORD_01010,20:25:21,24,7,273,0,273
2419,ORD_01010,20:25:21,11,6,273,0,273
2420,ORD_01010,20:25:21,12,8,273,0,273
2421,ORD_01011,21:49:31,18,7,273,1,273
2422,ORD_01011,21:49:31,6,6,273,1,273
2423,ORD_01012,18:56:07,19,1,273,1,273
2424,ORD_01013,21:20:29,25,6,65,0,65
2425,ORD_01013,21:20:29,23,10,65,0,65
2426,ORD_01013,21:20:29,4,8,65,0,65
2427,ORD_01013,21:20:29,3,10,65,0,65
2428,ORD_01014,19:08:38,1,8,65,1,65
2429,ORD_01015,11:14:56,16,5,270,1,270
2430,ORD_01015,11:14:56,11,9,270,1,270
2431,ORD_01015,11:14:56,35,1,270,1,270
2432,ORD_01016,22:18:36,30,7,270,0,270
2433,ORD_01016,22:18:36,4,4,270,0,270
2434,ORD_01017,22:37:58,11,2,270,1,270
2435,ORD_01018,20:04:47,9,9,292,1,292
2436,ORD_01018,20:04:47,9,7,292,1,292
2437,ORD_01018,20:04:47,25,7,292,1,292
2438,ORD_01018,20:04:47,7,5,292,1,292
2439,ORD_01018,20:04:47,35,6,292,1,292
2440,ORD_01018,20:04:47,33,1,292,1,292
2441,ORD_01019,11:56:27,2,1,292,0,292
2442,ORD_01019,11:56:27,1,7,292,0,292
2443,ORD_01019,11:56:27,25,6,292,0,292
2444,ORD_01020,19:01:58,14,5,292,0,292
2445,ORD_01020,19:01:58,22,6,292,0,292
2446,ORD_01020,19:01:58,17,4,292,0,292
2447,ORD_01021,11:11:30,17,6,292,1,292
2448,ORD_01021,11:11:30,16,1,292,1,292
2449,ORD_01021,11:11:30,3,2,292,1,292
2450,ORD_01021,11:11:30,34,6,292,1,292
2451,ORD_01021,11:11:30,18,5,292,1,292
2452,ORD_01022,11:00:57,25,8,292,1,292
2453,ORD_01023,19:52:21,35,2,132,0,132
2454,ORD_01025,21:34:47,14,5,97,1,97
2455,ORD_01025,21:34:47,31,3,97,1,97
2456,ORD_01026,19:59:36,20,6,97,0,97
2457,ORD_01026,19:59:36,13,8,97,0,97
2458,ORD_01027,21:50:15,33,8,97,1,97
2459,ORD_01028,19:35:41,19,4,121,1,121
2460,ORD_01029,22:44:09,8,3,126,0,126
2461,ORD_01029,22:44:09,34,7,126,0,126
2462,ORD_01029,22:44:09,27,4,126,0,126
2463,ORD_01030,12:04:48,5,4,126,0,126
2464,ORD_01030,12:04:48,18,2,126,0,126
2465,ORD_01030,12:04:48,7,7,126,0,126
2466,ORD_01030,12:04:48,37,5,126,0,126
2467,ORD_01031,18:34:20,4,2,126,1,126
2468,ORD_01032,13:06:33,11,5,23,1,23
2469,ORD_01032,13:06:33,2,1,23,1,23
2470,ORD_01033,10:44:46,27,10,23,0,23
2471,ORD_01034,13:11:57,27,7,289,1,289
2472,ORD_01034,13:11:57,24,4,289,1,289
2473,ORD_01035,19:05:22,31,6,289,1,289
2474,ORD_01035,19:05:22,8,3,289,1,289
2475,ORD_01036,11:24:50,4,8,289,0,289
2476,ORD_01036,11:24:50,23,7,289,0,289
2477,ORD_01036,11:24:50,18,2,289,0,289
2478,ORD_01036,11:24:50,24,1,289,0,289
2479,ORD_01038,19:00:55,25,8,289,1,289
2480,ORD_01038,19:00:55,31,1,289,1,289
2481,ORD_01038,19:00:55,31,1,289,1,289
2482,ORD_01038,19:00:55,2,5,289,1,289
2483,ORD_01038,19:00:55,24,5,289,1,289
2484,ORD_01039,19:52:50,25,5,289,0,289
2485,ORD_01039,19:52:50,3,2,289,0,289
2486,ORD_01039,19:52:50,12,9,289,0,289
2487,ORD_01039,19:52:50,6,9,289,0,289
2488,ORD_01039,19:52:50,30,4,289,0,289
2489,ORD_01039,19:52:50,14,6,289,0,289
2490,ORD_01041,22:58:40,15,6,289,1,289
2491,ORD_01041,22:58:40,3,2,289,1,289
2492,ORD_01042,13:32:10,34,10,289,1,289
2493,ORD_01042,13:32:10,3,3,289,1,289
2494,ORD_01042,13:32:10,29,3,289,1,289
2495,ORD_01043,22:09:24,1,5,289,0,289
2496,ORD_01044,22:08:42,3,6,111,1,111
2497,ORD_01044,22:08:42,26,10,111,1,111
2498,ORD_01044,22:08:42,33,7,111,1,111
2499,ORD_01044,22:08:42,27,7,111,1,111
2500,ORD_01044,22:08:42,23,4,111,1,111
2501,ORD_01044,22:08:42,27,4,111,1,111
2502,ORD_01044,22:08:42,6,7,111,1,111
2503,ORD_01045,12:35:55,25,2,111,1,111
2504,ORD_01045,12:35:55,13,5,111,1,111
2505,ORD_01046,22:20:17,13,4,111,0,111
2506,ORD_01046,22:20:17,5,6,111,0,111
2507,ORD_01046,22:20:17,28,3,111,0,111
2508,ORD_01047,21:11:42,18,7,111,1,111
2509,ORD_01047,21:11:42,4,5,111,1,111
2510,ORD_01047,21:11:42,10,6,111,1,111
2511,ORD_01048,19:54:23,25,1,111,1,111
2512,ORD_01048,19:54:23,26,9,111,1,111
2513,ORD_01048,19:54:23,3,2,111,1,111
2514,ORD_01048,19:54:23,9,2,111,1,111
2515,ORD_01048,19:54:23,6,2,111,1,111
2516,ORD_01049,19:19:19,12,1,111,0,111
2517,ORD_01050,22:48:48,27,3,193,0,193
2518,ORD_01051,22:30:27,19,3,255,1,255
2519,ORD_01054,20:30:38,9,5,123,1,123
2520,ORD_01054,20:30:38,10,7,123,1,123
2521,ORD_01054,20:30:38,32,4,123,1,123
2522,ORD_01054,20:30:38,29,6,123,1,123
2523,ORD_01054,20:30:38,36,5,123,1,123
2524,ORD_01055,11:36:38,15,3,123,1,123
2525,ORD_01055,11:36:38,3,10,123,1,123
2526,ORD_01055,11:36:38,25,2,123,1,123
2527,ORD_01056,11:50:26,20,6,123,0,123
2528,ORD_01057,10:34:33,22,2,149,1,149
2529,ORD_01057,10:34:33,32,2,149,1,149
2530,ORD_01057,10:34:33,3,3,149,1,149
2531,ORD_01057,10:34:33,26,4,149,1,149
2532,ORD_01057,10:34:33,24,3,149,1,149
2533,ORD_01058,13:12:59,15,7,149,1,149
2534,ORD_01058,13:12:59,26,2,149,1,149
2535,ORD_01059,20:47:52,29,10,149,0,149
2536,ORD_01059,20:47:52,35,1,149,0,149
2537,ORD_01060,21:53:15,23,5,149,0,149
2538,ORD_01061,11:44:06,22,3,79,1,79
2539,ORD_01061,11:44:06,26,7,79,1,79
2540,ORD_01062,13:44:06,24,3,79,1,79
2541,ORD_01062,13:44:06,2,5,79,1,79
2542,ORD_01063,20:28:47,24,1,79,0,79
2543,ORD_01063,20:28:47,29,8,79,0,79
2544,ORD_01063,20:28:47,21,3,79,0,79
2545,ORD_01064,22:27:07,20,5,79,1,79
2546,ORD_01065,21:07:33,22,3,1,1,1
2547,ORD_01065,21:07:33,6,6,1,1,1
2548,ORD_01066,13:57:02,13,4,1,0,1
2549,ORD_01066,13:57:02,6,4,1,0,1
2550,ORD_01067,10:40:04,34,8,1,1,1
2551,ORD_01067,10:40:04,26,5,1,1,1
2552,ORD_01067,10:40:04,24,7,1,1,1
2553,ORD_01068,22:15:41,6,2,1,1,1
2554,ORD_01068,22:15:41,33,10,1,1,1
2555,ORD_01068,22:15:41,37,4,1,1,1
2556,ORD_01068,22:15:41,36,10,1,1,1
2557,ORD_01069,13:26:15,36,8,1,0,1
2558,ORD_01069,13:26:15,23,2,1,0,1
2559,ORD_01069,13:26:15,34,7,1,0,1
2560,ORD_01070,21:46:58,36,10,1,0,1
2561,ORD_01070,21:46:58,3,6,1,0,1
2562,ORD_01071,18:59:45,14,6,1,1,1
2563,ORD_01071,18:59:45,31,4,1,1,1
2564,ORD_01071,18:59:45,17,1,1,1,1
2565,ORD_01072,20:32:12,7,2,1,1,1
2566,ORD_01072,20:32:12,24,7,1,1,1
2567,ORD_01073,12:27:47,5,3,1,0,1
2568,ORD_01074,21:52:53,21,9,215,1,215
2569,ORD_01074,21:52:53,2,5,215,1,215
2570,ORD_01074,21:52:53,32,2,215,1,215
2571,ORD_01074,21:52:53,32,1,215,1,215
2572,ORD_01075,11:29:23,20,7,215,1,215
2573,ORD_01075,11:29:23,17,8,215,1,215
2574,ORD_01075,11:29:23,3,9,215,1,215
2575,ORD_01075,11:29:23,35,1,215,1,215
2576,ORD_01075,11:29:23,30,3,215,1,215
2577,ORD_01076,12:45:20,35,7,215,0,215
2578,ORD_01077,22:50:04,19,9,69,1,69
2579,ORD_01077,22:50:04,32,5,69,1,69
2580,ORD_01077,22:50:04,24,9,69,1,69
2581,ORD_01077,22:50:04,10,2,69,1,69
2582,ORD_01078,11:00:01,28,6,69,1,69
2583,ORD_01078,11:00:01,16,4,69,1,69
2584,ORD_01078,11:00:01,2,3,69,1,69
2585,ORD_01079,22:38:14,19,1,69,0,69
2586,ORD_01080,12:27:21,29,1,91,0,91
2587,ORD_01080,12:27:21,4,6,91,0,91
2588,ORD_01080,12:27:21,28,8,91,0,91
2589,ORD_01080,12:27:21,21,10,91,0,91
2590,ORD_01081,10:30:13,11,1,91,1,91
2591,ORD_01081,10:30:13,37,2,91,1,91
2592,ORD_01082,10:41:38,1,5,91,1,91
2593,ORD_01082,10:41:38,22,5,91,1,91
2594,ORD_01084,22:27:03,17,7,91,1,91
2595,ORD_01084,22:27:03,8,6,91,1,91
2596,ORD_01084,22:27:03,4,8,91,1,91
2597,ORD_01084,22:27:03,31,1,91,1,91
2598,ORD_01084,22:27:03,23,4,91,1,91
2599,ORD_01085,13:09:16,5,7,91,1,91
2600,ORD_01085,13:09:16,13,1,91,1,91
2601,ORD_01086,11:03:00,21,1,91,0,91
2602,ORD_01086,11:03:00,17,2,91,0,91
2603,ORD_01087,22:27:07,33,9,91,1,91
2604,ORD_01087,22:27:07,37,10,91,1,91
2605,ORD_01088,18:41:00,26,7,91,1,91
2606,ORD_01089,12:23:41,16,2,136,0,136
2607,ORD_01089,12:23:41,10,4,136,0,136
2608,ORD_01090,20:10:18,20,7,136,0,136
2609,ORD_01090,20:10:18,36,5,136,0,136
2610,ORD_01090,20:10:18,12,1,136,0,136
2611,ORD_01090,20:10:18,7,4,136,0,136
2612,ORD_01091,21:05:39,27,5,136,1,136
2613,ORD_01091,21:05:39,3,6,136,1,136
2614,ORD_01092,12:12:58,24,9,136,1,136
2615,ORD_01092,12:12:58,22,8,136,1,136
2616,ORD_01092,12:12:58,26,6,136,1,136
2617,ORD_01094,22:55:22,7,2,136,1,136
2618,ORD_01094,22:55:22,31,7,136,1,136
2619,ORD_01094,22:55:22,34,7,136,1,136
2620,ORD_01094,22:55:22,27,6,136,1,136
2621,ORD_01095,21:45:03,27,4,136,1,136
2622,ORD_01095,21:45:03,17,2,136,1,136
2623,ORD_01096,18:55:28,27,10,136,0,136
2624,ORD_01096,18:55:28,18,4,136,0,136
2625,ORD_01098,21:00:50,6,6,136,1,136
2626,ORD_01098,21:00:50,18,2,136,1,136
2627,ORD_01098,21:00:50,30,3,136,1,136
2628,ORD_01099,13:04:03,30,3,136,0,136
2629,ORD_01099,13:04:03,3,4,136,0,136
2630,ORD_01099,13:04:03,11,7,136,0,136
2631,ORD_01101,12:38:39,24,2,136,1,136
2632,ORD_01101,12:38:39,16,9,136,1,136
2633,ORD_01102,10:45:51,23,5,136,1,136
2634,ORD_01102,10:45:51,18,9,136,1,136
2635,ORD_01102,10:45:51,27,3,136,1,136
2636,ORD_01103,19:25:00,14,7,136,0,136
2637,ORD_01103,19:25:00,6,7,136,0,136
2638,ORD_01103,19:25:00,6,5,136,0,136
2639,ORD_01103,19:25:00,17,4,136,0,136
2640,ORD_01104,21:41:05,5,7,136,1,136
2641,ORD_01104,21:41:05,27,6,136,1,136
2642,ORD_01104,21:41:05,20,6,136,1,136
2643,ORD_01104,21:41:05,15,3,136,1,136
2644,ORD_01105,13:47:53,30,5,136,1,136
2645,ORD_01105,13:47:53,21,4,136,1,136
2646,ORD_01105,13:47:53,29,3,136,1,136
2647,ORD_01106,19:58:32,11,9,136,0,136
2648,ORD_01107,11:50:30,21,8,194,1,194
2649,ORD_01107,11:50:30,35,10,194,1,194
2650,ORD_01107,11:50:30,21,3,194,1,194
2651,ORD_01107,11:50:30,7,3,194,1,194
2652,ORD_01107,11:50:30,35,6,194,1,194
2653,ORD_01108,20:47:55,3,10,194,1,194
2654,ORD_01109,11:04:36,23,10,254,0,254
2655,ORD_01109,11:04:36,26,7,254,0,254
2656,ORD_01109,11:04:36,23,7,254,0,254
2657,ORD_01110,12:59:10,35,8,254,0,254
2658,ORD_01110,12:59:10,10,5,254,0,254
2659,ORD_01111,13:55:42,11,5,254,1,254
2660,ORD_01112,12:46:39,27,6,241,1,241
2661,ORD_01112,12:46:39,35,9,241,1,241
2662,ORD_01112,12:46:39,12,4,241,1,241
2663,ORD_01112,12:46:39,17,1,241,1,241
2664,ORD_01113,12:09:29,15,7,241,0,241
2665,ORD_01113,12:09:29,23,3,241,0,241
2666,ORD_01114,22:55:21,4,3,241,1,241
2667,ORD_01116,12:21:22,17,8,228,0,228
2668,ORD_01116,12:21:22,10,1,228,0,228
2669,ORD_01116,12:21:22,37,10,228,0,228
2670,ORD_01117,22:37:31,27,3,228,1,228
2671,ORD_01118,22:39:52,23,3,4,1,4
2672,ORD_01119,18:49:42,25,2,280,0,280
2673,ORD_01119,18:49:42,30,9,280,0,280
2674,ORD_01119,18:49:42,15,5,280,0,280
2675,ORD_01120,19:00:00,1,1,280,0,280
2676,ORD_01120,19:00:00,5,6,280,0,280
2677,ORD_01120,19:00:00,30,8,280,0,280
2678,ORD_01120,19:00:00,9,3,280,0,280
2679,ORD_01120,19:00:00,15,7,280,0,280
2680,ORD_01121,11:26:28,18,1,280,1,280
2681,ORD_01121,11:26:28,27,3,280,1,280
2682,ORD_01121,11:26:28,7,10,280,1,280
2683,ORD_01121,11:26:28,32,1,280,1,280
2684,ORD_01122,18:48:28,37,9,280,1,280
2685,ORD_01122,18:48:28,18,4,280,1,280
2686,ORD_01122,18:48:28,27,3,280,1,280
2687,ORD_01122,18:48:28,8,1,280,1,280
2688,ORD_01123,20:13:00,2,3,280,0,280
2689,ORD_01123,20:13:00,20,2,280,0,280
2690,ORD_01123,20:13:00,1,1,280,0,280
2691,ORD_01123,20:13:00,1,5,280,0,280
2692,ORD_01124,13:08:57,32,5,280,1,280
2693,ORD_01124,13:08:57,14,10,280,1,280
2694,ORD_01124,13:08:57,14,4,280,1,280
2695,ORD_01125,11:11:08,16,3,280,1,280
2696,ORD_01126,20:05:55,3,4,131,0,131
2697,ORD_01127,18:52:06,12,3,47,1,47
2698,ORD_01127,18:52:06,24,10,47,1,47
2699,ORD_01128,11:18:37,28,3,47,1,47
2700,ORD_01128,11:18:37,1,5,47,1,47
2701,ORD_01128,11:18:37,37,7,47,1,47
2702,ORD_01128,11:18:37,23,4,47,1,47
2703,ORD_01128,11:18:37,15,5,47,1,47
2704,ORD_01128,11:18:37,5,10,47,1,47
2705,ORD_01129,11:43:33,11,10,47,0,47
2706,ORD_01129,11:43:33,31,10,47,0,47
2707,ORD_01130,13:11:45,10,6,47,0,47
2708,ORD_01130,13:11:45,13,4,47,0,47
2709,ORD_01130,13:11:45,35,4,47,0,47
2710,ORD_01131,22:54:39,26,10,47,1,47
2711,ORD_01131,22:54:39,21,8,47,1,47
2712,ORD_01132,22:03:46,5,4,47,1,47
2713,ORD_01132,22:03:46,6,6,47,1,47
2714,ORD_01132,22:03:46,17,10,47,1,47
2715,ORD_01132,22:03:46,21,3,47,1,47
2716,ORD_01132,22:03:46,12,2,47,1,47
2717,ORD_01132,22:03:46,32,6,47,1,47
2718,ORD_01134,12:52:43,29,7,47,1,47
2719,ORD_01135,12:34:44,3,10,20,1,20
2720,ORD_01135,12:34:44,9,4,20,1,20
2721,ORD_01135,12:34:44,27,9,20,1,20
2722,ORD_01136,11:43:11,10,4,20,0,20
2723,ORD_01136,11:43:11,9,3,20,0,20
2724,ORD_01136,11:43:11,2,7,20,0,20
2725,ORD_01138,19:06:25,11,4,20,1,20
2726,ORD_01138,19:06:25,10,2,20,1,20
2727,ORD_01138,19:06:25,4,5,20,1,20
2728,ORD_01139,18:58:21,1,2,20,0,20
2729,ORD_01140,22:09:14,7,6,54,0,54
2730,ORD_01140,22:09:14,2,3,54,0,54
2731,ORD_01140,22:09:14,33,1,54,0,54
2732,ORD_01143,20:56:52,37,4,54,0,54
2733,ORD_01143,20:56:52,4,3,54,0,54
2734,ORD_01143,20:56:52,18,2,54,0,54
2735,ORD_01143,20:56:52,15,1,54,0,54
2736,ORD_01143,20:56:52,7,8,54,0,54
2737,ORD_01144,22:44:56,17,9,54,1,54
2738,ORD_01144,22:44:56,37,8,54,1,54
2739,ORD_01144,22:44:56,12,6,54,1,54
2740,ORD_01145,11:29:07,20,2,54,1,54
2741,ORD_01145,11:29:07,26,4,54,1,54
2742,ORD_01147,13:51:02,11,3,54,1,54
2743,ORD_01147,13:51:02,29,8,54,1,54
2744,ORD_01147,13:51:02,20,6,54,1,54
2745,ORD_01148,10:37:19,7,4,54,1,54
2746,ORD_01148,10:37:19,37,4,54,1,54
2747,ORD_01148,10:37:19,27,7,54,1,54
2748,ORD_01148,10:37:19,8,1,54,1,54
2749,ORD_01149,22:49:15,7,1,54,0,54
2750,ORD_01149,22:49:15,2,3,54,0,54
2751,ORD_01149,22:49:15,24,10,54,0,54
2752,ORD_01149,22:49:15,31,10,54,0,54
2753,ORD_01149,22:49:15,8,10,54,0,54
2754,ORD_01150,11:52:01,24,6,54,0,54
2755,ORD_01150,11:52:01,9,3,54,0,54
2756,ORD_01150,11:52:01,8,4,54,0,54
2757,ORD_01150,11:52:01,20,9,54,0,54
2758,ORD_01151,13:21:17,22,5,54,1,54
2759,ORD_01151,13:21:17,34,8,54,1,54
2760,ORD_01151,13:21:17,9,9,54,1,54
2761,ORD_01151,13:21:17,7,2,54,1,54
2762,ORD_01151,13:21:17,10,7,54,1,54
2763,ORD_01152,13:52:22,25,1,54,1,54
2764,ORD_01152,13:52:22,34,1,54,1,54
2765,ORD_01152,13:52:22,8,9,54,1,54
2766,ORD_01153,18:43:32,24,3,54,0,54
2767,ORD_01153,18:43:32,18,9,54,0,54
2768,ORD_01154,13:51:00,37,5,54,1,54
2769,ORD_01154,13:51:00,22,2,54,1,54
2770,ORD_01155,13:56:12,35,5,54,1,54
2771,ORD_01156,13:35:30,1,4,238,0,238
2772,ORD_01157,19:15:08,17,6,167,1,167
2773,ORD_01158,13:03:38,10,6,211,1,211
2774,ORD_01158,13:03:38,32,7,211,1,211
2775,ORD_01158,13:03:38,24,5,211,1,211
2776,ORD_01158,13:03:38,30,7,211,1,211
2777,ORD_01160,11:57:15,15,5,211,0,211
2778,ORD_01160,11:57:15,18,6,211,0,211
2779,ORD_01160,11:57:15,30,5,211,0,211
2780,ORD_01161,13:56:12,7,1,211,1,211
2781,ORD_01161,13:56:12,32,10,211,1,211
2782,ORD_01161,13:56:12,10,9,211,1,211
2783,ORD_01161,13:56:12,8,5,211,1,211
2784,ORD_01162,21:50:26,16,2,211,1,211
2785,ORD_01162,21:50:26,4,3,211,1,211
2786,ORD_01163,22:32:19,27,9,211,0,211
2787,ORD_01163,22:32:19,2,5,211,0,211
2788,ORD_01163,22:32:19,17,8,211,0,211
2789,ORD_01163,22:32:19,11,8,211,0,211
2790,ORD_01163,22:32:19,27,8,211,0,211
2791,ORD_01163,22:32:19,3,1,211,0,211
2792,ORD_01164,22:09:56,4,10,211,1,211
2793,ORD_01165,13:34:40,32,6,235,1,235
2794,ORD_01165,13:34:40,30,5,235,1,235
2795,ORD_01166,22:05:40,25,5,235,0,235
2796,ORD_01166,22:05:40,12,3,235,0,235
2797,ORD_01166,22:05:40,20,1,235,0,235
2798,ORD_01166,22:05:40,14,4,235,0,235
2799,ORD_01167,19:23:54,37,3,235,1,235
2800,ORD_01167,19:23:54,21,5,235,1,235
2801,ORD_01168,11:27:17,37,5,235,1,235
2802,ORD_01169,10:31:18,32,10,272,0,272
2803,ORD_01170,12:07:26,21,6,62,0,62
2804,ORD_01170,12:07:26,8,5,62,0,62
2805,ORD_01170,12:07:26,31,4,62,0,62
2806,ORD_01170,12:07:26,36,1,62,0,62
2807,ORD_01171,22:56:10,17,3,62,1,62
2808,ORD_01171,22:56:10,5,5,62,1,62
2809,ORD_01171,22:56:10,6,7,62,1,62
2810,ORD_01172,19:45:35,35,1,62,1,62
2811,ORD_01172,19:45:35,13,5,62,1,62
2812,ORD_01173,11:18:35,20,4,62,0,62
2813,ORD_01173,11:18:35,36,6,62,0,62
2814,ORD_01173,11:18:35,34,6,62,0,62
2815,ORD_01173,11:18:35,22,7,62,0,62
2816,ORD_01174,11:06:31,13,5,62,1,62
2817,ORD_01174,11:06:31,4,8,62,1,62
2818,ORD_01174,11:06:31,13,6,62,1,62
2819,ORD_01176,19:15:48,21,2,62,0,62
2820,ORD_01176,19:15:48,14,8,62,0,62
2821,ORD_01176,19:15:48,8,4,62,0,62
2822,ORD_01176,19:15:48,18,1,62,0,62
2823,ORD_01178,21:10:28,15,8,62,1,62
2824,ORD_01179,12:03:20,33,6,84,0,84
2825,ORD_01179,12:03:20,24,5,84,0,84
2826,ORD_01180,21:46:57,9,3,84,0,84
2827,ORD_01180,21:46:57,3,7,84,0,84
2828,ORD_01180,21:46:57,27,1,84,0,84
2829,ORD_01181,22:46:25,4,3,84,1,84
2830,ORD_01181,22:46:25,37,1,84,1,84
2831,ORD_01181,22:46:25,19,4,84,1,84
2832,ORD_01181,22:46:25,20,7,84,1,84
2833,ORD_01181,22:46:25,24,3,84,1,84
2834,ORD_01182,12:51:59,33,2,84,1,84
2835,ORD_01183,21:43:37,17,10,30,0,30
2836,ORD_01183,21:43:37,16,4,30,0,30
2837,ORD_01183,21:43:37,21,6,30,0,30
2838,ORD_01183,21:43:37,29,7,30,0,30
2839,ORD_01183,21:43:37,28,6,30,0,30
2840,ORD_01184,20:17:17,27,6,30,1,30
2841,ORD_01184,20:17:17,36,8,30,1,30
2842,ORD_01184,20:17:17,10,10,30,1,30
2843,ORD_01185,10:58:39,35,3,30,1,30
2844,ORD_01186,12:10:09,2,3,62,0,62
2845,ORD_01186,12:10:09,6,5,62,0,62
2846,ORD_01187,22:21:49,9,5,62,1,62
2847,ORD_01188,11:15:16,28,3,86,1,86
2848,ORD_01189,20:58:09,2,1,272,0,272
2849,ORD_01189,20:58:09,34,3,272,0,272
2850,ORD_01189,20:58:09,26,3,272,0,272
2851,ORD_01189,20:58:09,4,1,272,0,272
2852,ORD_01191,19:59:28,2,5,272,1,272
2853,ORD_01191,19:59:28,23,1,272,1,272
2854,ORD_01191,19:59:28,13,6,272,1,272
2855,ORD_01191,19:59:28,16,5,272,1,272
2856,ORD_01192,10:38:11,24,2,272,1,272
2857,ORD_01192,10:38:11,22,8,272,1,272
2858,ORD_01192,10:38:11,5,2,272,1,272
2859,ORD_01192,10:38:11,37,2,272,1,272
2860,ORD_01193,19:02:09,21,4,272,0,272
2861,ORD_01193,19:02:09,10,8,272,0,272
2862,ORD_01194,10:47:30,28,4,272,1,272
2863,ORD_01194,10:47:30,11,1,272,1,272
2864,ORD_01194,10:47:30,34,9,272,1,272
2865,ORD_01195,22:07:16,10,3,272,1,272
2866,ORD_01195,22:07:16,25,6,272,1,272
2867,ORD_01196,11:08:18,10,10,272,0,272
2868,ORD_01196,11:08:18,6,9,272,0,272
2869,ORD_01196,11:08:18,31,6,272,0,272
2870,ORD_01197,21:33:37,7,7,272,1,272
2871,ORD_01198,20:02:35,33,2,53,1,53
2872,ORD_01198,20:02:35,2,1,53,1,53
2873,ORD_01199,11:53:47,32,7,53,0,53
2874,ORD_01200,13:15:01,24,6,74,0,74
2875,ORD_01200,13:15:01,27,6,74,0,74
2876,ORD_01201,19:28:55,36,10,74,1,74
2877,ORD_01201,19:28:55,12,3,74,1,74
2878,ORD_01201,19:28:55,35,3,74,1,74
2879,ORD_01201,19:28:55,33,6,74,1,74
2880,ORD_01201,19:28:55,23,6,74,1,74
2881,ORD_01202,22:07:47,32,8,74,1,74
2882,ORD_01202,22:07:47,32,5,74,1,74
2883,ORD_01203,20:15:55,7,10,74,0,74
2884,ORD_01205,19:17:37,4,7,263,1,263
2885,ORD_01205,19:17:37,14,6,263,1,263
2886,ORD_01205,19:17:37,7,4,263,1,263
2887,ORD_01206,21:11:42,31,6,263,0,263
2888,ORD_01207,11:09:43,1,5,124,1,124
2889,ORD_01208,18:42:34,5,1,95,1,95
2890,ORD_01209,11:02:29,7,7,1,0,1
2891,ORD_01210,20:46:49,5,2,45,0,45
2892,ORD_01210,20:46:49,36,7,45,0,45
2893,ORD_01210,20:46:49,7,5,45,0,45
2894,ORD_01211,12:05:58,20,9,45,1,45
2895,ORD_01211,12:05:58,30,4,45,1,45
2896,ORD_01211,12:05:58,20,7,45,1,45
2897,ORD_01212,22:15:24,16,4,45,1,45
2898,ORD_01214,20:54:02,23,7,104,1,104
2899,ORD_01215,13:42:34,18,1,158,1,158
2900,ORD_01215,13:42:34,24,3,158,1,158
2901,ORD_01215,13:42:34,10,4,158,1,158
2902,ORD_01215,13:42:34,24,4,158,1,158
2903,ORD_01216,11:02:57,11,9,158,0,158
2904,ORD_01216,11:02:57,5,2,158,0,158
2905,ORD_01216,11:02:57,30,4,158,0,158
2906,ORD_01216,11:02:57,18,10,158,0,158
2907,ORD_01217,13:44:30,28,2,158,1,158
2908,ORD_01217,13:44:30,8,3,158,1,158
2909,ORD_01218,18:31:04,25,4,158,1,158
2910,ORD_01218,18:31:04,18,8,158,1,158
2911,ORD_01218,18:31:04,23,5,158,1,158
2912,ORD_01218,18:31:04,9,6,158,1,158
2913,ORD_01218,18:31:04,9,7,158,1,158
2914,ORD_01219,12:57:10,30,5,158,0,158
2915,ORD_01219,12:57:10,6,4,158,0,158
2916,ORD_01220,22:36:36,29,6,158,0,158
2917,ORD_01220,22:36:36,27,3,158,0,158
2918,ORD_01220,22:36:36,18,5,158,0,158
2919,ORD_01221,10:31:08,34,1,158,1,158
2920,ORD_01221,10:31:08,11,4,158,1,158
2921,ORD_01222,11:30:22,33,5,158,1,158
2922,ORD_01222,11:30:22,1,9,158,1,158
2923,ORD_01222,11:30:22,35,4,158,1,158
2924,ORD_01223,18:34:37,30,9,158,0,158
2925,ORD_01223,18:34:37,31,4,158,0,158
2926,ORD_01223,18:34:37,25,8,158,0,158
2927,ORD_01223,18:34:37,15,1,158,0,158
2928,ORD_01224,10:32:07,6,3,158,1,158
2929,ORD_01224,10:32:07,9,10,158,1,158
2930,ORD_01224,10:32:07,11,3,158,1,158
2931,ORD_01225,10:45:54,25,4,158,1,158
2932,ORD_01225,10:45:54,12,5,158,1,158
2933,ORD_01225,10:45:54,30,6,158,1,158
2934,ORD_01226,13:28:51,32,1,158,0,158
2935,ORD_01226,13:28:51,4,10,158,0,158
2936,ORD_01226,13:28:51,8,6,158,0,158
2937,ORD_01226,13:28:51,9,6,158,0,158
2938,ORD_01227,20:24:03,19,7,158,1,158
2939,ORD_01227,20:24:03,19,1,158,1,158
2940,ORD_01228,20:38:30,26,1,158,1,158
2941,ORD_01229,12:03:41,31,1,6,0,6
2942,ORD_01229,12:03:41,4,1,6,0,6
2943,ORD_01230,19:34:38,4,2,6,0,6
2944,ORD_01230,19:34:38,7,10,6,0,6
2945,ORD_01230,19:34:38,37,1,6,0,6
2946,ORD_01230,19:34:38,2,2,6,0,6
2947,ORD_01231,11:48:09,25,2,6,1,6
2948,ORD_01231,11:48:09,5,2,6,1,6
2949,ORD_01231,11:48:09,1,3,6,1,6
2950,ORD_01232,13:35:23,13,2,6,1,6
2951,ORD_01232,13:35:23,16,8,6,1,6
2952,ORD_01233,10:46:17,13,3,6,0,6
2953,ORD_01233,10:46:17,29,9,6,0,6
2954,ORD_01233,10:46:17,27,9,6,0,6
2955,ORD_01234,19:17:46,8,8,6,1,6
2956,ORD_01234,19:17:46,5,6,6,1,6
2957,ORD_01234,19:17:46,11,2,6,1,6
2958,ORD_01235,12:30:32,32,1,6,1,6
2959,ORD_01235,12:30:32,9,8,6,1,6
2960,ORD_01235,12:30:32,16,4,6,1,6
2961,ORD_01235,12:30:32,33,2,6,1,6
2962,ORD_01235,12:30:32,6,2,6,1,6
2963,ORD_01235,12:30:32,34,8,6,1,6
2964,ORD_01236,10:48:46,35,5,6,0,6
2965,ORD_01236,10:48:46,13,4,6,0,6
2966,ORD_01237,19:51:06,25,9,6,1,6
2967,ORD_01237,19:51:06,6,7,6,1,6
2968,ORD_01238,19:46:47,1,2,6,1,6
2969,ORD_01239,12:16:30,18,9,59,0,59
2970,ORD_01239,12:16:30,22,3,59,0,59
2971,ORD_01240,20:33:43,25,9,59,0,59
2972,ORD_01240,20:33:43,5,5,59,0,59
2973,ORD_01240,20:33:43,11,7,59,0,59
2974,ORD_01240,20:33:43,31,4,59,0,59
2975,ORD_01240,20:33:43,6,4,59,0,59
2976,ORD_01241,12:31:35,1,5,59,1,59
2977,ORD_01241,12:31:35,24,7,59,1,59
2978,ORD_01242,12:14:53,28,3,59,1,59
2979,ORD_01243,20:05:08,34,3,8,0,8
2980,ORD_01243,20:05:08,11,2,8,0,8
2981,ORD_01243,20:05:08,14,2,8,0,8
2982,ORD_01244,12:45:54,15,6,8,1,8
2983,ORD_01244,12:45:54,23,5,8,1,8
2984,ORD_01244,12:45:54,37,10,8,1,8
2985,ORD_01244,12:45:54,30,9,8,1,8
2986,ORD_01244,12:45:54,24,5,8,1,8
2987,ORD_01245,13:45:03,11,6,8,1,8
2988,ORD_01245,13:45:03,13,3,8,1,8
2989,ORD_01246,22:38:45,8,2,8,0,8
2990,ORD_01246,22:38:45,26,8,8,0,8
2991,ORD_01246,22:38:45,2,1,8,0,8
2992,ORD_01246,22:38:45,13,4,8,0,8
2993,ORD_01247,21:43:08,8,2,8,1,8
2994,ORD_01247,21:43:08,22,1,8,1,8
2995,ORD_01247,21:43:08,9,7,8,1,8
2996,ORD_01247,21:43:08,13,6,8,1,8
2997,ORD_01248,13:12:56,6,5,8,1,8
2998,ORD_01250,19:14:15,31,7,120,0,120
2999,ORD_01250,19:14:15,21,7,120,0,120
3000,ORD_01250,19:14:15,35,3,120,0,120
